timestamp,bid,ask,bid_vol,ask_vol,last,volume
2026-09-18 13:30:00.000,232.09,232.11,819,976,232.1,1795
2026-09-18 13:30:00.500,232.34,232.35,1462,901,232.34,2363
2026-09-18 13:30:01.000,232.43,232.45,934,1099,232.44,2033
2026-09-18 13:30:01.500,232.34,232.36,1214,961,232.35,2175
2026-09-18 13:30:02.000,232.18,232.2,1105,954,232.19,2059
2026-09-18 13:30:02.500,232.12,232.13,755,336,232.12,1091
2026-09-18 13:30:03.000,232.1,232.11,735,708,232.1,1443
2026-09-18 13:30:03.500,232.2,232.22,1678,617,232.21,2295
2026-09-18 13:30:04.000,232.36,232.37,548,756,232.36,1304
2026-09-18 13:30:04.500,232.18,232.2,1138,746,232.19,1884
2026-09-18 13:30:05.000,232.2,232.21,758,402,232.2,1160
2026-09-18 13:30:05.500,232.18,232.19,510,736,232.18,1246
2026-09-18 13:30:06.000,232.22,232.24,798,865,232.23,1663
2026-09-18 13:30:06.500,232.25,232.27,569,775,232.26,1344
2026-09-18 13:30:07.000,232.46,232.48,657,480,232.47,1137
2026-09-18 13:30:07.500,232.36,232.37,750,308,232.36,1058
2026-09-18 13:30:08.000,232.38,232.39,1391,452,232.38,1843
2026-09-18 13:30:08.500,232.44,232.45,923,879,232.44,1802
2026-09-18 13:30:09.000,232.5,232.51,720,564,232.5,1284
2026-09-18 13:30:09.500,232.52,232.54,1004,539,232.53,1543
2026-09-18 13:30:10.000,232.58,232.6,1075,733,232.59,1808
2026-09-18 13:30:10.500,232.61,232.63,1269,863,232.62,2132
2026-09-18 13:30:11.000,232.56,232.58,717,556,232.57,1273
2026-09-18 13:30:11.500,232.44,232.45,587,785,232.45,1372
2026-09-18 13:30:12.000,232.38,232.39,581,1061,232.39,1642
2026-09-18 13:30:12.500,232.56,232.57,1093,268,232.56,1361
2026-09-18 13:30:13.000,232.73,232.75,1009,757,232.74,1766
2026-09-18 13:30:13.500,232.57,232.59,630,547,232.58,1177
2026-09-18 13:30:14.000,232.7,232.71,648,1039,232.7,1687
2026-09-18 13:30:14.500,232.88,232.89,860,678,232.88,1538
2026-09-18 13:30:15.000,232.91,232.93,768,304,232.92,1072
2026-09-18 13:30:15.500,232.82,232.84,1123,1032,232.83,2155
2026-09-18 13:30:16.000,232.78,232.8,966,454,232.79,1420
2026-09-18 13:30:16.500,232.88,232.89,1245,492,232.89,1737
2026-09-18 13:30:17.000,232.7,232.72,1338,779,232.71,2117
2026-09-18 13:30:17.500,232.64,232.66,1058,33,232.65,1091
2026-09-18 13:30:18.000,232.64,232.66,1397,713,232.65,2110
2026-09-18 13:30:18.500,232.54,232.56,1156,812,232.55,1968
2026-09-18 13:30:19.000,232.56,232.58,1035,843,232.57,1878
2026-09-18 13:30:19.500,232.7,232.71,981,84,232.7,1065
2026-09-18 13:30:20.000,232.76,232.78,987,565,232.77,1552
2026-09-18 13:30:20.500,232.66,232.67,613,676,232.67,1289
2026-09-18 13:30:21.000,232.4,232.42,1093,896,232.41,1989
2026-09-18 13:30:21.500,232.32,232.34,648,673,232.33,1321
2026-09-18 13:30:22.000,232.32,232.33,1266,658,232.32,1924
2026-09-18 13:30:22.500,232.14,232.16,1145,501,232.15,1646
2026-09-18 13:30:23.000,232.3,232.32,1245,136,232.31,1381
2026-09-18 13:30:23.500,232.35,232.37,577,206,232.36,783
2026-09-18 13:30:24.000,232.44,232.45,1024,735,232.44,1759
2026-09-18 13:30:24.500,232.3,232.32,1176,1084,232.31,2260
2026-09-18 13:30:25.000,232.24,232.25,740,81,232.24,821
2026-09-18 13:30:25.500,232.28,232.29,1230,28,232.28,1258
2026-09-18 13:30:26.000,232.06,232.07,747,710,232.06,1457
2026-09-18 13:30:26.500,231.86,231.87,691,278,231.86,969
2026-09-18 13:30:27.000,231.72,231.73,1200,502,231.72,1702
2026-09-18 13:30:27.500,231.66,231.67,1098,738,231.67,1836
2026-09-18 13:30:28.000,231.72,231.73,981,243,231.72,1224
2026-09-18 13:30:28.500,231.67,231.69,982,491,231.68,1473
2026-09-18 13:30:29.000,231.54,231.56,812,426,231.55,1238
2026-09-18 13:30:29.500,231.52,231.53,655,686,231.52,1341
2026-09-18 13:30:30.000,231.86,231.87,675,800,231.86,1475
2026-09-18 13:30:30.500,231.98,232,897,746,231.99,1643
2026-09-18 13:30:31.000,232.26,232.27,545,744,232.26,1289
2026-09-18 13:30:31.500,232.05,232.07,1017,888,232.06,1905
2026-09-18 13:30:32.000,232.22,232.23,565,299,232.22,864
2026-09-18 13:30:32.500,231.9,231.92,976,898,231.91,1874
2026-09-18 13:30:33.000,232.04,232.06,1001,595,232.05,1596
2026-09-18 13:30:33.500,232.1,232.11,1298,494,232.1,1792
2026-09-18 13:30:34.000,231.9,231.92,788,316,231.91,1104
2026-09-18 13:30:34.500,231.96,231.98,1291,1082,231.97,2373
2026-09-18 13:30:35.000,231.76,231.77,593,599,231.76,1192
2026-09-18 13:30:35.500,231.6,231.61,891,513,231.6,1404
2026-09-18 13:30:36.000,231.52,231.54,1208,974,231.53,2182
2026-09-18 13:30:36.500,231.44,231.45,1227,141,231.45,1368
2026-09-18 13:30:37.000,231.56,231.57,591,1,231.56,592
2026-09-18 13:30:37.500,231.45,231.47,905,114,231.46,1019
2026-09-18 13:30:38.000,231.32,231.34,1013,920,231.33,1933
2026-09-18 13:30:38.500,231.22,231.24,989,611,231.23,1600
2026-09-18 13:30:39.000,231.32,231.33,610,708,231.32,1318
2026-09-18 13:30:39.500,231.04,231.06,418,540,231.05,958
2026-09-18 13:30:40.000,231.3,231.31,1088,1071,231.3,2159
2026-09-18 13:30:40.500,231.14,231.16,964,280,231.15,1244
2026-09-18 13:30:41.000,230.86,230.88,1105,680,230.87,1785
2026-09-18 13:30:41.500,230.92,230.93,338,608,230.92,946
2026-09-18 13:30:42.000,231.1,231.11,448,409,231.1,857
2026-09-18 13:30:42.500,231.34,231.35,628,164,231.34,792
2026-09-18 13:30:43.000,231.22,231.23,1990,323,231.23,2313
2026-09-18 13:30:43.500,231.05,231.07,678,459,231.06,1137
2026-09-18 13:30:44.000,231.15,231.17,708,604,231.16,1312
2026-09-18 13:30:44.500,231.13,231.15,1006,372,231.14,1378
2026-09-18 13:30:45.000,230.92,230.94,1325,819,230.93,2144
2026-09-18 13:30:45.500,230.75,230.77,1213,431,230.76,1644
2026-09-18 13:30:46.000,230.84,230.85,554,876,230.84,1430
2026-09-18 13:30:46.500,231,231.01,488,1309,231,1797
2026-09-18 13:30:47.000,231.16,231.17,896,651,231.17,1547
2026-09-18 13:30:47.500,231.34,231.35,834,769,231.34,1603
2026-09-18 13:30:48.000,231.26,231.28,835,790,231.27,1625
2026-09-18 13:30:48.500,231.28,231.3,917,820,231.29,1737
2026-09-18 13:30:49.000,231.28,231.3,855,620,231.29,1475
2026-09-18 13:30:49.500,231.08,231.09,625,671,231.08,1296
2026-09-18 13:30:50.000,231.14,231.15,1065,775,231.14,1840
2026-09-18 13:30:50.500,230.93,230.95,1028,832,230.94,1860
2026-09-18 13:30:51.000,230.86,230.87,770,810,230.86,1580
2026-09-18 13:30:51.500,230.98,231,1326,629,230.99,1955
2026-09-18 13:30:52.000,231.06,231.07,1196,730,231.06,1926
2026-09-18 13:30:52.500,230.93,230.95,771,295,230.94,1066
2026-09-18 13:30:53.000,230.98,231,788,856,230.99,1644
2026-09-18 13:30:53.500,230.98,231,1084,419,230.99,1503
2026-09-18 13:30:54.000,230.78,230.8,1145,712,230.79,1857
2026-09-18 13:30:54.500,230.73,230.75,1076,353,230.74,1429
2026-09-18 13:30:55.000,231.14,231.16,769,991,231.15,1760
2026-09-18 13:30:55.500,230.85,230.87,709,624,230.86,1333
2026-09-18 13:30:56.000,230.84,230.86,706,961,230.85,1667
2026-09-18 13:30:56.500,230.66,230.67,1331,985,230.67,2316
2026-09-18 13:30:57.000,230.66,230.67,972,500,230.67,1472
2026-09-18 13:30:57.500,230.86,230.87,1372,1282,230.86,2654
2026-09-18 13:30:58.000,230.78,230.8,787,839,230.79,1626
2026-09-18 13:30:58.500,230.68,230.7,532,403,230.69,935
2026-09-18 13:30:59.000,230.34,230.36,849,1027,230.35,1876
2026-09-18 13:30:59.500,230.42,230.44,939,453,230.43,1392
2026-09-18 13:31:00.000,230.3,230.32,1244,634,230.31,1878
2026-09-18 13:31:00.500,230.34,230.36,770,301,230.35,1071
2026-09-18 13:31:01.000,230.12,230.14,1079,799,230.13,1878
2026-09-18 13:31:01.500,230.06,230.08,1000,1104,230.07,2104
2026-09-18 13:31:02.000,229.78,229.79,922,477,229.78,1399
2026-09-18 13:31:02.500,229.66,229.67,962,433,229.66,1395
2026-09-18 13:31:03.000,229.52,229.54,549,1145,229.53,1694
2026-09-18 13:31:03.500,229.46,229.48,428,806,229.47,1234
2026-09-18 13:31:04.000,229.22,229.23,789,73,229.23,862
2026-09-18 13:31:04.500,229.27,229.29,425,965,229.28,1390
2026-09-18 13:31:05.000,229.28,229.3,1066,686,229.29,1752
2026-09-18 13:31:05.500,229.36,229.38,638,948,229.37,1586
2026-09-18 13:31:06.000,229.6,229.61,1035,131,229.6,1166
2026-09-18 13:31:06.500,229.6,229.62,1000,1247,229.61,2247
2026-09-18 13:31:07.000,229.57,229.59,1113,736,229.58,1849
2026-09-18 13:31:07.500,229.66,229.67,818,748,229.67,1566
2026-09-18 13:31:08.000,229.52,229.54,1324,426,229.53,1750
2026-09-18 13:31:08.500,229.72,229.73,989,628,229.72,1617
2026-09-18 13:31:09.000,229.68,229.7,1843,638,229.69,2481
2026-09-18 13:31:09.500,229.68,229.7,701,403,229.69,1104
2026-09-18 13:31:10.000,229.56,229.57,1240,1108,229.56,2348
2026-09-18 13:31:10.500,229.44,229.45,1009,751,229.44,1760
2026-09-18 13:31:11.000,229.46,229.48,1296,411,229.47,1707
2026-09-18 13:31:11.500,229.56,229.58,629,583,229.57,1212
2026-09-18 13:31:12.000,229.46,229.47,820,816,229.46,1636
2026-09-18 13:31:12.500,229.6,229.62,981,400,229.61,1381
2026-09-18 13:31:13.000,229.4,229.42,1058,906,229.41,1964
2026-09-18 13:31:13.500,229.24,229.26,1285,432,229.25,1717
2026-09-18 13:31:14.000,229.34,229.35,1082,726,229.34,1808
2026-09-18 13:31:14.500,229.3,229.31,1074,217,229.3,1291
2026-09-18 13:31:15.000,229.22,229.23,1009,558,229.23,1567
2026-09-18 13:31:15.500,229.49,229.51,1151,407,229.5,1558
2026-09-18 13:31:16.000,229.3,229.32,1382,288,229.31,1670
2026-09-18 13:31:16.500,229.34,229.36,663,971,229.35,1634
2026-09-18 13:31:17.000,229.67,229.69,1021,144,229.68,1165
2026-09-18 13:31:17.500,229.75,229.77,1264,451,229.76,1715
2026-09-18 13:31:18.000,229.58,229.59,1178,267,229.58,1445
2026-09-18 13:31:18.500,229.56,229.57,723,565,229.56,1288
2026-09-18 13:31:19.000,229.48,229.5,942,504,229.49,1446
2026-09-18 13:31:19.500,229.5,229.51,1201,540,229.5,1741
2026-09-18 13:31:20.000,229.52,229.54,1450,916,229.53,2366
2026-09-18 13:31:20.500,229.4,229.41,941,980,229.4,1921
2026-09-18 13:31:21.000,229.32,229.34,1277,985,229.33,2262
2026-09-18 13:31:21.500,229.32,229.33,1458,1054,229.32,2512
2026-09-18 13:31:22.000,229.19,229.21,1460,131,229.2,1591
2026-09-18 13:31:22.500,229.02,229.04,989,1180,229.03,2169
2026-09-18 13:31:23.000,229.14,229.15,1140,761,229.14,1901
2026-09-18 13:31:23.500,229.28,229.3,978,947,229.29,1925
2026-09-18 13:31:24.000,229.24,229.26,725,646,229.25,1371
2026-09-18 13:31:24.500,229.09,229.11,560,764,229.1,1324
2026-09-18 13:31:25.000,229.15,229.17,1124,763,229.16,1887
2026-09-18 13:31:25.500,229.19,229.21,592,178,229.2,770
2026-09-18 13:31:26.000,229.12,229.14,1456,1037,229.13,2493
2026-09-18 13:31:26.500,229.06,229.08,1110,692,229.07,1802
2026-09-18 13:31:27.000,228.98,228.99,1144,730,228.98,1874
2026-09-18 13:31:27.500,228.88,228.89,1354,626,228.89,1980
2026-09-18 13:31:28.000,228.72,228.73,927,679,228.73,1606
2026-09-18 13:31:28.500,228.92,228.94,1353,477,228.93,1830
2026-09-18 13:31:29.000,228.8,228.82,1841,735,228.81,2576
2026-09-18 13:31:29.500,228.86,228.87,1184,1025,228.86,2209
2026-09-18 13:31:30.000,228.86,228.88,574,11,228.87,585
2026-09-18 13:31:30.500,229.08,229.09,1045,813,229.08,1858
2026-09-18 13:31:31.000,229.12,229.14,1210,627,229.13,1837
2026-09-18 13:31:31.500,228.92,228.94,1097,60,228.93,1157
2026-09-18 13:31:32.000,228.94,228.95,1305,239,228.94,1544
2026-09-18 13:31:32.500,228.86,228.87,608,815,228.86,1423
2026-09-18 13:31:33.000,228.84,228.86,1262,578,228.85,1840
2026-09-18 13:31:33.500,229,229.01,961,1241,229,2202
2026-09-18 13:31:34.000,228.95,228.97,815,1,228.96,816
2026-09-18 13:31:34.500,229.06,229.07,1285,469,229.06,1754
2026-09-18 13:31:35.000,228.9,228.91,1047,1170,228.9,2217
2026-09-18 13:31:35.500,228.92,228.94,1389,774,228.93,2163
2026-09-18 13:31:36.000,228.99,229.01,1156,507,229,1663
2026-09-18 13:31:36.500,229.1,229.12,1075,620,229.11,1695
2026-09-18 13:31:37.000,229.2,229.21,1228,564,229.2,1792
2026-09-18 13:31:37.500,229.26,229.27,905,435,229.26,1340
2026-09-18 13:31:38.000,229.24,229.25,771,553,229.24,1324
2026-09-18 13:31:38.500,229.28,229.29,592,776,229.28,1368
2026-09-18 13:31:39.000,229.58,229.59,993,456,229.58,1449
2026-09-18 13:31:39.500,229.66,229.68,882,957,229.67,1839
2026-09-18 13:31:40.000,229.6,229.62,903,309,229.61,1212
2026-09-18 13:31:40.500,229.52,229.53,903,877,229.52,1780
2026-09-18 13:31:41.000,229.46,229.48,1724,241,229.47,1965
2026-09-18 13:31:41.500,229.44,229.45,1332,745,229.45,2077
2026-09-18 13:31:42.000,229.46,229.47,1353,393,229.46,1746
2026-09-18 13:31:42.500,229.38,229.39,997,578,229.38,1575
2026-09-18 13:31:43.000,229.16,229.17,506,731,229.17,1237
2026-09-18 13:31:43.500,229.16,229.17,1124,404,229.16,1528
2026-09-18 13:31:44.000,229.2,229.22,1112,985,229.21,2097
2026-09-18 13:31:44.500,229.28,229.29,1284,532,229.28,1816
2026-09-18 13:31:45.000,229.34,229.36,1505,696,229.35,2201
2026-09-18 13:31:45.500,229.58,229.59,925,812,229.58,1737
2026-09-18 13:31:46.000,229.61,229.63,1463,794,229.62,2257
2026-09-18 13:31:46.500,229.56,229.58,1379,493,229.57,1872
2026-09-18 13:31:47.000,229.52,229.54,693,387,229.53,1080
2026-09-18 13:31:47.500,229.55,229.57,945,809,229.56,1754
2026-09-18 13:31:48.000,229.62,229.63,1694,1,229.62,1695
2026-09-18 13:31:48.500,229.56,229.57,1235,1001,229.56,2236
2026-09-18 13:31:49.000,229.53,229.55,944,331,229.54,1275
2026-09-18 13:31:49.500,229.7,229.72,783,753,229.71,1536
2026-09-18 13:31:50.000,229.78,229.8,1217,167,229.79,1384
2026-09-18 13:31:50.500,229.6,229.62,747,768,229.61,1515
2026-09-18 13:31:51.000,229.5,229.51,1558,29,229.51,1587
2026-09-18 13:31:51.500,229.32,229.34,878,764,229.33,1642
2026-09-18 13:31:52.000,229.3,229.32,1608,494,229.31,2102
2026-09-18 13:31:52.500,229.48,229.49,1096,970,229.48,2066
2026-09-18 13:31:53.000,229.38,229.39,532,794,229.39,1326
2026-09-18 13:31:53.500,229.44,229.45,1176,421,229.44,1597
2026-09-18 13:31:54.000,229.53,229.55,757,429,229.54,1186
2026-09-18 13:31:54.500,229.44,229.45,1223,906,229.44,2129
2026-09-18 13:31:55.000,229.73,229.75,1449,88,229.74,1537
2026-09-18 13:31:55.500,229.78,229.8,908,466,229.79,1374
2026-09-18 13:31:56.000,229.94,229.96,877,796,229.95,1673
2026-09-18 13:31:56.500,229.96,229.98,1415,48,229.97,1463
2026-09-18 13:31:57.000,229.9,229.92,971,955,229.91,1926
2026-09-18 13:31:57.500,230,230.01,931,715,230,1646
2026-09-18 13:31:58.000,229.98,230,1110,1,229.99,1111
2026-09-18 13:31:58.500,230.1,230.12,843,378,230.11,1221
2026-09-18 13:31:59.000,230.06,230.08,994,603,230.07,1597
2026-09-18 13:31:59.500,230.18,230.2,781,554,230.19,1335
2026-09-18 13:32:00.000,230.1,230.11,1269,140,230.1,1409
2026-09-18 13:32:00.500,230.18,230.19,1165,552,230.18,1717
2026-09-18 13:32:01.000,229.96,229.97,346,375,229.96,721
2026-09-18 13:32:01.500,229.9,229.91,699,1,229.9,700
2026-09-18 13:32:02.000,229.92,229.93,1075,632,229.92,1707
2026-09-18 13:32:02.500,229.68,229.7,1211,299,229.69,1510
2026-09-18 13:32:03.000,229.54,229.56,854,669,229.55,1523
2026-09-18 13:32:03.500,229.68,229.7,727,784,229.69,1511
2026-09-18 13:32:04.000,229.7,229.72,765,670,229.71,1435
2026-09-18 13:32:04.500,229.94,229.95,1349,754,229.95,2103
2026-09-18 13:32:05.000,229.88,229.89,540,721,229.89,1261
2026-09-18 13:32:05.500,230.06,230.08,1505,451,230.07,1956
2026-09-18 13:32:06.000,230.12,230.14,1091,674,230.13,1765
2026-09-18 13:32:06.500,230.06,230.07,1130,1101,230.06,2231
2026-09-18 13:32:07.000,230.12,230.14,1302,575,230.13,1877
2026-09-18 13:32:07.500,230.1,230.12,1072,390,230.11,1462
2026-09-18 13:32:08.000,230.24,230.25,1040,534,230.24,1574
2026-09-18 13:32:08.500,230.22,230.24,734,150,230.23,884
2026-09-18 13:32:09.000,230.18,230.19,637,598,230.18,1235
2026-09-18 13:32:09.500,230.24,230.25,1562,685,230.24,2247
2026-09-18 13:32:10.000,229.94,229.95,1214,544,229.94,1758
2026-09-18 13:32:10.500,229.8,229.82,1354,678,229.81,2032
2026-09-18 13:32:11.000,230,230.01,1640,100,230,1740
2026-09-18 13:32:11.500,230.06,230.07,566,307,230.06,873
2026-09-18 13:32:12.000,230.28,230.3,937,802,230.29,1739
2026-09-18 13:32:12.500,230.27,230.29,1373,569,230.28,1942
2026-09-18 13:32:13.000,230.2,230.21,799,321,230.2,1120
2026-09-18 13:32:13.500,230.34,230.35,1313,807,230.34,2120
2026-09-18 13:32:14.000,230.36,230.37,1279,523,230.36,1802
2026-09-18 13:32:14.500,230.26,230.27,1030,1149,230.26,2179
2026-09-18 13:32:15.000,230.46,230.48,1480,276,230.47,1756
2026-09-18 13:32:15.500,230.42,230.44,690,428,230.43,1118
2026-09-18 13:32:16.000,230.44,230.45,1164,910,230.45,2074
2026-09-18 13:32:16.500,230.46,230.48,1288,351,230.47,1639
2026-09-18 13:32:17.000,230.46,230.48,1151,362,230.47,1513
2026-09-18 13:32:17.500,230.76,230.78,1311,980,230.77,2291
2026-09-18 13:32:18.000,230.76,230.77,1069,604,230.76,1673
2026-09-18 13:32:18.500,230.49,230.51,1038,387,230.5,1425
2026-09-18 13:32:19.000,230.26,230.28,926,621,230.27,1547
2026-09-18 13:32:19.500,230.2,230.22,1061,1,230.21,1062
2026-09-18 13:32:20.000,229.94,229.95,956,668,229.95,1624
2026-09-18 13:32:20.500,230,230.01,1269,349,230,1618
2026-09-18 13:32:21.000,230.06,230.08,584,666,230.07,1250
2026-09-18 13:32:21.500,230.02,230.03,877,572,230.02,1449
2026-09-18 13:32:22.000,229.78,229.8,871,383,229.79,1254
2026-09-18 13:32:22.500,229.84,229.85,1029,322,229.84,1351
2026-09-18 13:32:23.000,229.72,229.74,968,1184,229.73,2152
2026-09-18 13:32:23.500,229.94,229.95,1433,545,229.94,1978
2026-09-18 13:32:24.000,229.96,229.97,1256,700,229.96,1956
2026-09-18 13:32:24.500,230.14,230.16,1320,776,230.15,2096
2026-09-18 13:32:25.000,230.17,230.19,1693,752,230.18,2445
2026-09-18 13:32:25.500,230.2,230.22,621,764,230.21,1385
2026-09-18 13:32:26.000,230.04,230.06,492,277,230.05,769
2026-09-18 13:32:26.500,230.08,230.1,1018,574,230.09,1592
2026-09-18 13:32:27.000,229.97,229.99,1400,823,229.98,2223
2026-09-18 13:32:27.500,229.9,229.91,754,642,229.9,1396
2026-09-18 13:32:28.000,229.93,229.95,946,782,229.94,1728
2026-09-18 13:32:28.500,229.78,229.79,939,535,229.78,1474
2026-09-18 13:32:29.000,229.98,229.99,1592,349,229.98,1941
2026-09-18 13:32:29.500,230.04,230.05,581,842,230.04,1423
2026-09-18 13:32:30.000,230,230.02,1038,739,230.01,1777
2026-09-18 13:32:30.500,229.74,229.76,1168,711,229.75,1879
2026-09-18 13:32:31.000,229.78,229.8,1149,873,229.79,2022
2026-09-18 13:32:31.500,229.66,229.67,1602,1001,229.67,2603
2026-09-18 13:32:32.000,229.5,229.51,1054,509,229.51,1563
2026-09-18 13:32:32.500,229.65,229.67,1006,435,229.66,1441
2026-09-18 13:32:33.000,229.69,229.71,1473,745,229.7,2218
2026-09-18 13:32:33.500,229.6,229.61,587,210,229.6,797
2026-09-18 13:32:34.000,229.85,229.87,968,739,229.86,1707
2026-09-18 13:32:34.500,229.98,230,1405,964,229.99,2369
2026-09-18 13:32:35.000,230.08,230.09,1309,697,230.08,2006
2026-09-18 13:32:35.500,230.02,230.04,1182,267,230.03,1449
2026-09-18 13:32:36.000,230.15,230.17,992,557,230.16,1549
2026-09-18 13:32:36.500,229.99,230.01,1175,187,230,1362
2026-09-18 13:32:37.000,229.68,229.69,1436,756,229.68,2192
2026-09-18 13:32:37.500,229.72,229.73,1310,270,229.73,1580
2026-09-18 13:32:38.000,229.76,229.78,1314,586,229.77,1900
2026-09-18 13:32:38.500,229.88,229.89,1087,597,229.88,1684
2026-09-18 13:32:39.000,230.14,230.15,1232,385,230.14,1617
2026-09-18 13:32:39.500,230.28,230.29,1193,955,230.28,2148
2026-09-18 13:32:40.000,230.28,230.3,954,330,230.29,1284
2026-09-18 13:32:40.500,230.32,230.34,1025,430,230.33,1455
2026-09-18 13:32:41.000,230.26,230.28,1046,638,230.27,1684
2026-09-18 13:32:41.500,229.98,229.99,1125,189,229.98,1314
2026-09-18 13:32:42.000,229.88,229.9,1665,235,229.89,1900
2026-09-18 13:32:42.500,230.22,230.23,909,270,230.23,1179
2026-09-18 13:32:43.000,230.12,230.14,1767,696,230.13,2463
2026-09-18 13:32:43.500,229.96,229.98,699,388,229.97,1087
2026-09-18 13:32:44.000,230.04,230.06,1383,227,230.05,1610
2026-09-18 13:32:44.500,229.96,229.97,973,1,229.96,974
2026-09-18 13:32:45.000,229.9,229.91,1253,959,229.9,2212
2026-09-18 13:32:45.500,229.84,229.86,1658,534,229.85,2192
2026-09-18 13:32:46.000,229.64,229.66,1066,611,229.65,1677
2026-09-18 13:32:46.500,229.68,229.7,1138,650,229.69,1788
2026-09-18 13:32:47.000,229.88,229.89,860,865,229.89,1725
2026-09-18 13:32:47.500,229.86,229.88,1048,402,229.87,1450
2026-09-18 13:32:48.000,229.54,229.56,855,356,229.55,1211
2026-09-18 13:32:48.500,229.46,229.48,1538,409,229.47,1947
2026-09-18 13:32:49.000,229.58,229.59,1057,337,229.58,1394
2026-09-18 13:32:49.500,229.64,229.65,968,1041,229.64,2009
2026-09-18 13:32:50.000,229.62,229.64,442,1068,229.63,1510
2026-09-18 13:32:50.500,229.4,229.41,945,457,229.4,1402
2026-09-18 13:32:51.000,229.22,229.23,870,596,229.22,1466
2026-09-18 13:32:51.500,229.22,229.23,1032,739,229.23,1771
2026-09-18 13:32:52.000,229.19,229.21,1123,248,229.2,1371
2026-09-18 13:32:52.500,228.92,228.93,679,503,228.92,1182
2026-09-18 13:32:53.000,229.08,229.1,1055,390,229.09,1445
2026-09-18 13:32:53.500,229,229.01,974,768,229,1742
2026-09-18 13:32:54.000,229.22,229.23,1377,676,229.23,2053
2026-09-18 13:32:54.500,229.1,229.12,1055,551,229.11,1606
2026-09-18 13:32:55.000,229.09,229.11,1598,1069,229.1,2667
2026-09-18 13:32:55.500,229.16,229.17,1356,406,229.17,1762
2026-09-18 13:32:56.000,229.12,229.13,729,322,229.12,1051
2026-09-18 13:32:56.500,228.86,228.88,1308,354,228.87,1662
2026-09-18 13:32:57.000,228.9,228.92,1171,228,228.91,1399
2026-09-18 13:32:57.500,229.16,229.17,934,1040,229.16,1974
2026-09-18 13:32:58.000,229.16,229.17,709,696,229.16,1405
2026-09-18 13:32:58.500,229.14,229.16,857,1356,229.15,2213
2026-09-18 13:32:59.000,229.06,229.07,948,1076,229.06,2024
2026-09-18 13:32:59.500,229.02,229.04,1374,809,229.03,2183
2026-09-18 13:33:00.000,228.98,229,1187,714,228.99,1901
2026-09-18 13:33:00.500,229.02,229.03,1365,810,229.02,2175
2026-09-18 13:33:01.000,229.08,229.09,1178,433,229.08,1611
2026-09-18 13:33:01.500,229.04,229.06,1071,1500,229.05,2571
2026-09-18 13:33:02.000,229.24,229.25,1221,790,229.24,2011
2026-09-18 13:33:02.500,229.14,229.16,1277,853,229.15,2130
2026-09-18 13:33:03.000,229.04,229.06,1212,704,229.05,1916
2026-09-18 13:33:03.500,229.34,229.36,1103,681,229.35,1784
2026-09-18 13:33:04.000,229.6,229.62,827,862,229.61,1689
2026-09-18 13:33:04.500,229.34,229.36,862,335,229.35,1197
2026-09-18 13:33:05.000,229.46,229.47,948,764,229.46,1712
2026-09-18 13:33:05.500,229.34,229.35,1106,230,229.34,1336
2026-09-18 13:33:06.000,229.3,229.32,1487,592,229.31,2079
2026-09-18 13:33:06.500,229.2,229.22,937,528,229.21,1465
2026-09-18 13:33:07.000,229.22,229.23,812,87,229.23,899
2026-09-18 13:33:07.500,229.32,229.33,1276,575,229.32,1851
2026-09-18 13:33:08.000,229.3,229.32,1026,919,229.31,1945
2026-09-18 13:33:08.500,229.36,229.37,1170,585,229.36,1755
2026-09-18 13:33:09.000,229.32,229.34,993,548,229.33,1541
2026-09-18 13:33:09.500,229.38,229.4,1586,706,229.39,2292
2026-09-18 13:33:10.000,229.38,229.39,1710,350,229.38,2060
2026-09-18 13:33:10.500,229.12,229.14,1268,614,229.13,1882
2026-09-18 13:33:11.000,229.24,229.26,977,309,229.25,1286
2026-09-18 13:33:11.500,229.14,229.16,789,456,229.15,1245
2026-09-18 13:33:12.000,229.08,229.09,1528,809,229.08,2337
2026-09-18 13:33:12.500,229.2,229.21,635,576,229.2,1211
2026-09-18 13:33:13.000,229.17,229.19,1328,771,229.18,2099
2026-09-18 13:33:13.500,229.41,229.43,658,590,229.42,1248
2026-09-18 13:33:14.000,229.44,229.45,1253,780,229.44,2033
2026-09-18 13:33:14.500,229.18,229.2,1085,713,229.19,1798
2026-09-18 13:33:15.000,229.25,229.27,1151,602,229.26,1753
2026-09-18 13:33:15.500,229.26,229.28,1248,1085,229.27,2333
2026-09-18 13:33:16.000,229.2,229.22,1499,738,229.21,2237
2026-09-18 13:33:16.500,229.17,229.19,1447,917,229.18,2364
2026-09-18 13:33:17.000,229.22,229.23,1258,556,229.22,1814
2026-09-18 13:33:17.500,229.06,229.08,1048,606,229.07,1654
2026-09-18 13:33:18.000,229.12,229.14,1132,541,229.13,1673
2026-09-18 13:33:18.500,229.24,229.25,1124,815,229.24,1939
2026-09-18 13:33:19.000,229.2,229.22,1488,251,229.21,1739
2026-09-18 13:33:19.500,229.24,229.26,1014,491,229.25,1505
2026-09-18 13:33:20.000,229.3,229.31,698,583,229.3,1281
2026-09-18 13:33:20.500,229.15,229.17,961,693,229.16,1654
2026-09-18 13:33:21.000,229.36,229.38,669,267,229.37,936
2026-09-18 13:33:21.500,229.16,229.18,483,840,229.17,1323
2026-09-18 13:33:22.000,229.14,229.16,882,122,229.15,1004
2026-09-18 13:33:22.500,229.1,229.12,1341,650,229.11,1991
2026-09-18 13:33:23.000,229.04,229.05,1400,819,229.04,2219
2026-09-18 13:33:23.500,229.14,229.15,1445,455,229.14,1900
2026-09-18 13:33:24.000,229.08,229.09,1452,781,229.08,2233
2026-09-18 13:33:24.500,228.84,228.86,1218,735,228.85,1953
2026-09-18 13:33:25.000,228.7,228.71,771,564,228.7,1335
2026-09-18 13:33:25.500,228.78,228.79,973,648,228.78,1621
2026-09-18 13:33:26.000,228.9,228.92,791,488,228.91,1279
2026-09-18 13:33:26.500,228.94,228.95,954,689,228.94,1643
2026-09-18 13:33:27.000,229.08,229.09,1121,444,229.08,1565
2026-09-18 13:33:27.500,228.94,228.95,781,520,228.95,1301
2026-09-18 13:33:28.000,228.78,228.8,1433,489,228.79,1922
2026-09-18 13:33:28.500,228.8,228.82,1253,348,228.81,1601
2026-09-18 13:33:29.000,228.58,228.59,960,891,228.58,1851
2026-09-18 13:33:29.500,228.44,228.45,1244,864,228.44,2108
2026-09-18 13:33:30.000,228.5,228.51,749,695,228.5,1444
2026-09-18 13:33:30.500,228.36,228.38,1701,544,228.37,2245
2026-09-18 13:33:31.000,228.22,228.23,462,119,228.23,581
2026-09-18 13:33:31.500,228.32,228.33,1334,13,228.32,1347
2026-09-18 13:33:32.000,228.34,228.36,871,1037,228.35,1908
2026-09-18 13:33:32.500,228.58,228.6,1480,957,228.59,2437
2026-09-18 13:33:33.000,228.76,228.78,1444,282,228.77,1726
2026-09-18 13:33:33.500,228.94,228.95,1051,809,228.95,1860
2026-09-18 13:33:34.000,228.74,228.76,1410,722,228.75,2132
2026-09-18 13:33:34.500,228.78,228.8,1265,813,228.79,2078
2026-09-18 13:33:35.000,228.76,228.77,1383,1040,228.76,2423
2026-09-18 13:33:35.500,228.82,228.83,1141,796,228.82,1937
2026-09-18 13:33:36.000,228.7,228.72,997,647,228.71,1644
2026-09-18 13:33:36.500,228.52,228.54,943,452,228.53,1395
2026-09-18 13:33:37.000,228.5,228.52,629,338,228.51,967
2026-09-18 13:33:37.500,228.24,228.25,845,911,228.24,1756
2026-09-18 13:33:38.000,228.42,228.43,700,635,228.42,1335
2026-09-18 13:33:38.500,228.32,228.33,1342,300,228.32,1642
2026-09-18 13:33:39.000,228.28,228.3,1189,915,228.29,2104
2026-09-18 13:33:39.500,228.38,228.39,1261,653,228.38,1914
2026-09-18 13:33:40.000,228.44,228.45,1205,1152,228.44,2357
2026-09-18 13:33:40.500,228.74,228.75,864,714,228.74,1578
2026-09-18 13:33:41.000,228.8,228.81,506,386,228.8,892
2026-09-18 13:33:41.500,228.91,228.93,854,741,228.92,1595
2026-09-18 13:33:42.000,228.63,228.65,1004,134,228.64,1138
2026-09-18 13:33:42.500,228.76,228.78,1151,268,228.77,1419
2026-09-18 13:33:43.000,228.84,228.85,1298,253,228.84,1551
2026-09-18 13:33:43.500,228.98,229,1219,287,228.99,1506
2026-09-18 13:33:44.000,228.93,228.95,1390,433,228.94,1823
2026-09-18 13:33:44.500,228.88,228.89,1284,876,228.88,2160
2026-09-18 13:33:45.000,228.84,228.85,853,520,228.84,1373
2026-09-18 13:33:45.500,228.79,228.81,917,592,228.8,1509
2026-09-18 13:33:46.000,228.94,228.95,1213,335,228.95,1548
2026-09-18 13:33:46.500,229,229.01,1224,292,229.01,1516
2026-09-18 13:33:47.000,228.92,228.93,1100,1,228.92,1101
2026-09-18 13:33:47.500,228.9,228.92,1314,1,228.91,1315
2026-09-18 13:33:48.000,228.76,228.77,527,396,228.76,923
2026-09-18 13:33:48.500,229.06,229.07,1212,379,229.06,1591
2026-09-18 13:33:49.000,229.14,229.15,843,1196,229.14,2039
2026-09-18 13:33:49.500,228.92,228.93,1199,70,228.92,1269
2026-09-18 13:33:50.000,228.92,228.93,1063,913,228.92,1976
2026-09-18 13:33:50.500,228.86,228.88,1342,887,228.87,2229
2026-09-18 13:33:51.000,228.98,228.99,1148,613,228.98,1761
2026-09-18 13:33:51.500,228.8,228.81,937,324,228.8,1261
2026-09-18 13:33:52.000,228.59,228.61,918,505,228.6,1423
2026-09-18 13:33:52.500,228.62,228.64,1104,642,228.63,1746
2026-09-18 13:33:53.000,228.62,228.64,959,822,228.63,1781
2026-09-18 13:33:53.500,228.33,228.35,842,693,228.34,1535
2026-09-18 13:33:54.000,228.56,228.57,1548,521,228.56,2069
2026-09-18 13:33:54.500,228.6,228.62,1087,942,228.61,2029
2026-09-18 13:33:55.000,228.64,228.65,1138,490,228.64,1628
2026-09-18 13:33:55.500,228.44,228.45,984,428,228.44,1412
2026-09-18 13:33:56.000,228.31,228.33,1437,347,228.32,1784
2026-09-18 13:33:56.500,228.44,228.45,1122,1215,228.45,2337
2026-09-18 13:33:57.000,228.4,228.42,1709,606,228.41,2315
2026-09-18 13:33:57.500,228.18,228.2,1235,452,228.19,1687
2026-09-18 13:33:58.000,227.94,227.95,1169,360,227.95,1529
2026-09-18 13:33:58.500,228.14,228.15,1142,259,228.14,1401
2026-09-18 13:33:59.000,228.14,228.15,1520,191,228.14,1711
2026-09-18 13:33:59.500,228,228.01,868,1044,228.01,1912
2026-09-18 13:34:00.000,228.06,228.07,809,659,228.06,1468
2026-09-18 13:34:00.500,228.16,228.17,358,1086,228.17,1444
2026-09-18 13:34:01.000,228.27,228.29,1324,545,228.28,1869
2026-09-18 13:34:01.500,228.02,228.03,987,768,228.02,1755
2026-09-18 13:34:02.000,228,228.02,1209,401,228.01,1610
2026-09-18 13:34:02.500,228.26,228.28,665,985,228.27,1650
2026-09-18 13:34:03.000,228.43,228.45,1177,288,228.44,1465
2026-09-18 13:34:03.500,228.38,228.39,1202,615,228.38,1817
2026-09-18 13:34:04.000,228.4,228.42,1323,249,228.41,1572
2026-09-18 13:34:04.500,228.33,228.35,1224,575,228.34,1799
2026-09-18 13:34:05.000,228.49,228.51,1393,374,228.5,1767
2026-09-18 13:34:05.500,228.68,228.7,814,564,228.69,1378
2026-09-18 13:34:06.000,228.6,228.62,1226,667,228.61,1893
2026-09-18 13:34:06.500,228.62,228.64,1521,366,228.63,1887
2026-09-18 13:34:07.000,228.58,228.59,1070,655,228.58,1725
2026-09-18 13:34:07.500,228.58,228.6,1399,376,228.59,1775
2026-09-18 13:34:08.000,228.52,228.54,1798,323,228.53,2121
2026-09-18 13:34:08.500,228.57,228.59,636,1277,228.58,1913
2026-09-18 13:34:09.000,228.38,228.4,678,283,228.39,961
2026-09-18 13:34:09.500,228.22,228.23,719,695,228.23,1414
2026-09-18 13:34:10.000,228.29,228.31,1118,717,228.3,1835
2026-09-18 13:34:10.500,228.44,228.46,933,369,228.45,1302
2026-09-18 13:34:11.000,228.34,228.36,834,751,228.35,1585
2026-09-18 13:34:11.500,228.18,228.19,1245,691,228.18,1936
2026-09-18 13:34:12.000,228.14,228.16,1213,386,228.15,1599
2026-09-18 13:34:12.500,228.14,228.16,1181,497,228.15,1678
2026-09-18 13:34:13.000,228.01,228.03,713,774,228.02,1487
2026-09-18 13:34:13.500,227.92,227.93,1253,507,227.92,1760
2026-09-18 13:34:14.000,228.04,228.06,669,1,228.05,670
2026-09-18 13:34:14.500,228.04,228.05,719,674,228.04,1393
2026-09-18 13:34:15.000,227.94,227.95,855,271,227.94,1126
2026-09-18 13:34:15.500,227.94,227.95,393,936,227.94,1329
2026-09-18 13:34:16.000,227.86,227.88,1254,582,227.87,1836
2026-09-18 13:34:16.500,227.84,227.86,1403,1044,227.85,2447
2026-09-18 13:34:17.000,227.62,227.63,771,953,227.62,1724
2026-09-18 13:34:17.500,227.52,227.53,701,399,227.52,1100
2026-09-18 13:34:18.000,227.58,227.6,555,878,227.59,1433
2026-09-18 13:34:18.500,227.52,227.53,1308,468,227.52,1776
2026-09-18 13:34:19.000,227.56,227.58,1183,745,227.57,1928
2026-09-18 13:34:19.500,227.78,227.8,1424,952,227.79,2376
2026-09-18 13:34:20.000,227.87,227.89,833,482,227.88,1315
2026-09-18 13:34:20.500,227.96,227.98,1212,1067,227.97,2279
2026-09-18 13:34:21.000,227.67,227.69,895,374,227.68,1269
2026-09-18 13:34:21.500,227.38,227.39,1227,419,227.38,1646
2026-09-18 13:34:22.000,227.53,227.55,953,1234,227.54,2187
2026-09-18 13:34:22.500,227.7,227.72,1162,742,227.71,1904
2026-09-18 13:34:23.000,227.7,227.72,1035,342,227.71,1377
2026-09-18 13:34:23.500,227.74,227.75,738,744,227.74,1482
2026-09-18 13:34:24.000,227.8,227.82,1225,639,227.81,1864
2026-09-18 13:34:24.500,227.78,227.8,1274,487,227.79,1761
2026-09-18 13:34:25.000,227.64,227.66,781,553,227.65,1334
2026-09-18 13:34:25.500,227.74,227.76,1074,646,227.75,1720
2026-09-18 13:34:26.000,227.82,227.84,683,592,227.83,1275
2026-09-18 13:34:26.500,227.8,227.82,811,701,227.81,1512
2026-09-18 13:34:27.000,227.64,227.65,1162,336,227.64,1498
2026-09-18 13:34:27.500,227.65,227.67,692,578,227.66,1270
2026-09-18 13:34:28.000,227.56,227.57,1094,362,227.56,1456
2026-09-18 13:34:28.500,227.54,227.56,1206,369,227.55,1575
2026-09-18 13:34:29.000,227.76,227.78,1134,941,227.77,2075
2026-09-18 13:34:29.500,227.7,227.71,1016,523,227.7,1539
2026-09-18 13:34:30.000,227.7,227.72,1181,267,227.71,1448
2026-09-18 13:34:30.500,227.67,227.69,1371,614,227.68,1985
2026-09-18 13:34:31.000,227.58,227.59,1049,700,227.58,1749
2026-09-18 13:34:31.500,227.48,227.49,1012,801,227.48,1813
2026-09-18 13:34:32.000,227.61,227.63,1103,1053,227.62,2156
2026-09-18 13:34:32.500,227.72,227.73,1434,337,227.73,1771
2026-09-18 13:34:33.000,227.73,227.75,1113,264,227.74,1377
2026-09-18 13:34:33.500,227.92,227.93,1398,275,227.92,1673
2026-09-18 13:34:34.000,228.18,228.19,1552,455,228.18,2007
2026-09-18 13:34:34.500,228.36,228.38,1117,1019,228.37,2136
2026-09-18 13:34:35.000,228.14,228.16,655,514,228.15,1169
2026-09-18 13:34:35.500,228.1,228.12,456,363,228.11,819
2026-09-18 13:34:36.000,228.16,228.17,1042,574,228.17,1616
2026-09-18 13:34:36.500,227.98,228,866,422,227.99,1288
2026-09-18 13:34:37.000,228,228.01,969,329,228.01,1298
2026-09-18 13:34:37.500,227.95,227.97,1067,320,227.96,1387
2026-09-18 13:34:38.000,227.92,227.93,1254,353,227.92,1607
2026-09-18 13:34:38.500,227.78,227.8,1069,548,227.79,1617
2026-09-18 13:34:39.000,227.58,227.59,719,673,227.58,1392
2026-09-18 13:34:39.500,227.56,227.57,981,728,227.56,1709
2026-09-18 13:34:40.000,227.5,227.51,1353,305,227.5,1658
2026-09-18 13:34:40.500,227.68,227.69,1519,673,227.68,2192
2026-09-18 13:34:41.000,227.58,227.59,894,508,227.58,1402
2026-09-18 13:34:41.500,227.28,227.3,960,804,227.29,1764
2026-09-18 13:34:42.000,227.26,227.28,1036,680,227.27,1716
2026-09-18 13:34:42.500,227.34,227.36,1473,482,227.35,1955
2026-09-18 13:34:43.000,227.44,227.45,936,560,227.45,1496
2026-09-18 13:34:43.500,227.34,227.36,1526,742,227.35,2268
2026-09-18 13:34:44.000,227.16,227.17,979,337,227.17,1316
2026-09-18 13:34:44.500,227.25,227.27,713,850,227.26,1563
2026-09-18 13:34:45.000,227.25,227.27,1054,745,227.26,1799
2026-09-18 13:34:45.500,227.42,227.43,1398,351,227.42,1749
2026-09-18 13:34:46.000,227.14,227.15,1145,700,227.14,1845
2026-09-18 13:34:46.500,226.87,226.89,1724,783,226.88,2507
2026-09-18 13:34:47.000,226.76,226.77,1070,693,226.76,1763
2026-09-18 13:34:47.500,226.72,226.73,1494,954,226.73,2448
2026-09-18 13:34:48.000,226.94,226.95,1421,756,226.94,2177
2026-09-18 13:34:48.500,226.96,226.97,1303,452,226.96,1755
2026-09-18 13:34:49.000,226.88,226.9,1207,808,226.89,2015
2026-09-18 13:34:49.500,227.28,227.3,883,795,227.29,1678
2026-09-18 13:34:50.000,227.18,227.19,1014,461,227.18,1475
2026-09-18 13:34:50.500,227.15,227.17,966,777,227.16,1743
2026-09-18 13:34:51.000,227.2,227.21,859,265,227.2,1124
2026-09-18 13:34:51.500,227.2,227.22,1296,453,227.21,1749
2026-09-18 13:34:52.000,227.38,227.39,1387,847,227.39,2234
2026-09-18 13:34:52.500,227.55,227.57,958,513,227.56,1471
2026-09-18 13:34:53.000,227.37,227.39,1425,566,227.38,1991
2026-09-18 13:34:53.500,227.2,227.22,1150,913,227.21,2063
2026-09-18 13:34:54.000,227.14,227.16,975,537,227.15,1512
2026-09-18 13:34:54.500,227.14,227.16,1357,828,227.15,2185
2026-09-18 13:34:55.000,227.4,227.42,1054,593,227.41,1647
2026-09-18 13:34:55.500,227.4,227.42,1096,418,227.41,1514
2026-09-18 13:34:56.000,227.11,227.13,1117,531,227.12,1648
2026-09-18 13:34:56.500,227.26,227.28,816,517,227.27,1333
2026-09-18 13:34:57.000,227.42,227.43,1149,521,227.42,1670
2026-09-18 13:34:57.500,227.6,227.62,1118,583,227.61,1701
2026-09-18 13:34:58.000,227.6,227.62,707,259,227.61,966
2026-09-18 13:34:58.500,227.5,227.51,1203,1041,227.51,2244
2026-09-18 13:34:59.000,227.69,227.71,1095,628,227.7,1723
2026-09-18 13:34:59.500,227.8,227.82,1306,849,227.81,2155
2026-09-18 13:35:00.000,227.74,227.76,837,580,227.75,1417
2026-09-18 13:35:00.500,227.62,227.64,1380,648,227.63,2028
2026-09-18 13:35:01.000,227.82,227.83,1276,404,227.82,1680
2026-09-18 13:35:01.500,227.78,227.8,1039,637,227.79,1676
2026-09-18 13:35:02.000,227.42,227.43,851,93,227.42,944
2026-09-18 13:35:02.500,227.62,227.63,793,375,227.62,1168
2026-09-18 13:35:03.000,227.62,227.63,730,931,227.62,1661
2026-09-18 13:35:03.500,227.6,227.62,1194,720,227.61,1914
2026-09-18 13:35:04.000,227.74,227.76,886,1058,227.75,1944
2026-09-18 13:35:04.500,227.96,227.97,1320,409,227.96,1729
2026-09-18 13:35:05.000,227.98,227.99,1195,355,227.98,1550
2026-09-18 13:35:05.500,228.08,228.09,1458,525,228.08,1983
2026-09-18 13:35:06.000,228.18,228.2,914,918,228.19,1832
2026-09-18 13:35:06.500,228.3,228.32,1194,314,228.31,1508
2026-09-18 13:35:07.000,228.22,228.23,1195,499,228.23,1694
2026-09-18 13:35:07.500,228.33,228.35,783,652,228.34,1435
2026-09-18 13:35:08.000,228.28,228.29,700,955,228.28,1655
2026-09-18 13:35:08.500,228.24,228.26,1331,841,228.25,2172
2026-09-18 13:35:09.000,228.21,228.23,1138,686,228.22,1824
2026-09-18 13:35:09.500,228.39,228.41,1411,325,228.4,1736
2026-09-18 13:35:10.000,228.3,228.32,1160,417,228.31,1577
2026-09-18 13:35:10.500,228.39,228.41,1726,871,228.4,2597
2026-09-18 13:35:11.000,228.37,228.39,1119,526,228.38,1645
2026-09-18 13:35:11.500,228.24,228.26,861,361,228.25,1222
2026-09-18 13:35:12.000,228.1,228.12,1005,31,228.11,1036
2026-09-18 13:35:12.500,228.27,228.29,1050,765,228.28,1815
2026-09-18 13:35:13.000,228.12,228.14,1013,351,228.13,1364
2026-09-18 13:35:13.500,228.08,228.1,712,168,228.09,880
2026-09-18 13:35:14.000,228.07,228.09,937,582,228.08,1519
2026-09-18 13:35:14.500,228.1,228.12,1078,625,228.11,1703
2026-09-18 13:35:15.000,228.18,228.19,1384,992,228.18,2376
2026-09-18 13:35:15.500,228.32,228.34,1202,313,228.33,1515
2026-09-18 13:35:16.000,228.44,228.45,1096,663,228.45,1759
2026-09-18 13:35:16.500,228.5,228.51,1042,427,228.51,1469
2026-09-18 13:35:17.000,228.44,228.45,1218,636,228.45,1854
2026-09-18 13:35:17.500,228.34,228.36,1342,377,228.35,1719
2026-09-18 13:35:18.000,228.34,228.35,1171,1,228.34,1172
2026-09-18 13:35:18.500,228.56,228.58,1072,834,228.57,1906
2026-09-18 13:35:19.000,228.56,228.57,1107,205,228.56,1312
2026-09-18 13:35:19.500,228.53,228.55,1344,291,228.54,1635
2026-09-18 13:35:20.000,228.56,228.58,1203,172,228.57,1375
2026-09-18 13:35:20.500,228.45,228.47,1135,684,228.46,1819
2026-09-18 13:35:21.000,228.54,228.55,1167,268,228.54,1435
2026-09-18 13:35:21.500,228.34,228.36,1106,522,228.35,1628
2026-09-18 13:35:22.000,228.38,228.39,1018,1223,228.39,2241
2026-09-18 13:35:22.500,228.58,228.59,1319,186,228.58,1505
2026-09-18 13:35:23.000,228.54,228.55,1231,440,228.54,1671
2026-09-18 13:35:23.500,228.5,228.51,853,439,228.51,1292
2026-09-18 13:35:24.000,228.29,228.31,892,644,228.3,1536
2026-09-18 13:35:24.500,228.42,228.44,907,1111,228.43,2018
2026-09-18 13:35:25.000,228.4,228.42,1179,468,228.41,1647
2026-09-18 13:35:25.500,228.38,228.39,1506,730,228.38,2236
2026-09-18 13:35:26.000,228.26,228.28,1356,1,228.27,1357
2026-09-18 13:35:26.500,228.16,228.17,1361,565,228.17,1926
2026-09-18 13:35:27.000,228.13,228.15,1207,419,228.14,1626
2026-09-18 13:35:27.500,228.22,228.23,1317,432,228.22,1749
2026-09-18 13:35:28.000,228.28,228.3,790,1,228.29,791
2026-09-18 13:35:28.500,228.24,228.26,1243,411,228.25,1654
2026-09-18 13:35:29.000,228.68,228.69,1223,531,228.68,1754
2026-09-18 13:35:29.500,228.78,228.79,981,825,228.78,1806
2026-09-18 13:35:30.000,228.86,228.88,1661,686,228.87,2347
2026-09-18 13:35:30.500,228.84,228.86,1387,225,228.85,1612
2026-09-18 13:35:31.000,228.82,228.84,1438,428,228.83,1866
2026-09-18 13:35:31.500,228.72,228.73,1264,456,228.73,1720
2026-09-18 13:35:32.000,228.72,228.74,958,699,228.73,1657
2026-09-18 13:35:32.500,228.75,228.77,833,1047,228.76,1880
2026-09-18 13:35:33.000,229.06,229.07,1695,200,229.06,1895
2026-09-18 13:35:33.500,228.99,229.01,809,332,229,1141
2026-09-18 13:35:34.000,229.3,229.32,563,614,229.31,1177
2026-09-18 13:35:34.500,229.26,229.27,907,589,229.26,1496
2026-09-18 13:35:35.000,229.07,229.09,812,869,229.08,1681
2026-09-18 13:35:35.500,229.09,229.11,1202,472,229.1,1674
2026-09-18 13:35:36.000,229,229.02,1606,446,229.01,2052
2026-09-18 13:35:36.500,229.12,229.14,1012,607,229.13,1619
2026-09-18 13:35:37.000,229.18,229.19,1480,694,229.18,2174
2026-09-18 13:35:37.500,229.08,229.1,1279,717,229.09,1996
2026-09-18 13:35:38.000,229.08,229.09,732,588,229.08,1320
2026-09-18 13:35:38.500,229.23,229.25,1397,457,229.24,1854
2026-09-18 13:35:39.000,229.42,229.44,903,137,229.43,1040
2026-09-18 13:35:39.500,229.42,229.43,1267,671,229.42,1938
2026-09-18 13:35:40.000,229.58,229.59,1032,650,229.58,1682
2026-09-18 13:35:40.500,229.76,229.78,1598,277,229.77,1875
2026-09-18 13:35:41.000,229.59,229.61,1586,568,229.6,2154
2026-09-18 13:35:41.500,229.64,229.65,590,144,229.64,734
2026-09-18 13:35:42.000,229.78,229.8,1273,658,229.79,1931
2026-09-18 13:35:42.500,229.82,229.84,775,620,229.83,1395
2026-09-18 13:35:43.000,229.62,229.64,1119,865,229.63,1984
2026-09-18 13:35:43.500,229.72,229.74,1234,887,229.73,2121
2026-09-18 13:35:44.000,229.62,229.63,1187,651,229.62,1838
2026-09-18 13:35:44.500,229.54,229.56,644,640,229.55,1284
2026-09-18 13:35:45.000,229.56,229.57,1805,209,229.56,2014
2026-09-18 13:35:45.500,229.5,229.51,1043,835,229.5,1878
2026-09-18 13:35:46.000,229.52,229.53,1298,160,229.52,1458
2026-09-18 13:35:46.500,229.56,229.58,906,283,229.57,1189
2026-09-18 13:35:47.000,229.66,229.67,1300,787,229.66,2087
2026-09-18 13:35:47.500,229.77,229.79,1146,649,229.78,1795
2026-09-18 13:35:48.000,230,230.01,848,589,230.01,1437
2026-09-18 13:35:48.500,229.98,230,1292,410,229.99,1702
2026-09-18 13:35:49.000,229.75,229.77,1205,541,229.76,1746
2026-09-18 13:35:49.500,229.74,229.75,1732,295,229.74,2027
2026-09-18 13:35:50.000,229.81,229.83,1125,357,229.82,1482
2026-09-18 13:35:50.500,229.54,229.55,1384,266,229.54,1650
2026-09-18 13:35:51.000,229.46,229.48,756,441,229.47,1197
2026-09-18 13:35:51.500,229.75,229.77,853,586,229.76,1439
2026-09-18 13:35:52.000,229.6,229.62,1099,222,229.61,1321
2026-09-18 13:35:52.500,229.3,229.31,729,771,229.3,1500
2026-09-18 13:35:53.000,229.06,229.08,1241,522,229.07,1763
2026-09-18 13:35:53.500,229.08,229.1,955,307,229.09,1262
2026-09-18 13:35:54.000,228.76,228.77,1100,317,228.76,1417
2026-09-18 13:35:54.500,228.76,228.78,1323,683,228.77,2006
2026-09-18 13:35:55.000,228.84,228.86,1091,403,228.85,1494
2026-09-18 13:35:55.500,228.9,228.92,968,621,228.91,1589
2026-09-18 13:35:56.000,229.2,229.22,821,725,229.21,1546
2026-09-18 13:35:56.500,229.22,229.23,1339,348,229.22,1687
2026-09-18 13:35:57.000,229.18,229.19,1762,462,229.18,2224
2026-09-18 13:35:57.500,229.28,229.3,632,763,229.29,1395
2026-09-18 13:35:58.000,229.52,229.54,890,167,229.53,1057
2026-09-18 13:35:58.500,229.53,229.55,1518,187,229.54,1705
2026-09-18 13:35:59.000,229.54,229.56,366,739,229.55,1105
2026-09-18 13:35:59.500,229.7,229.71,1110,639,229.7,1749
2026-09-18 13:36:00.000,229.58,229.59,723,573,229.58,1296
2026-09-18 13:36:00.500,229.48,229.5,795,876,229.49,1671
2026-09-18 13:36:01.000,229.34,229.35,1055,547,229.34,1602
2026-09-18 13:36:01.500,229.71,229.73,1016,1031,229.72,2047
2026-09-18 13:36:02.000,229.74,229.76,1030,1044,229.75,2074
2026-09-18 13:36:02.500,229.72,229.73,931,439,229.73,1370
2026-09-18 13:36:03.000,229.89,229.91,1111,381,229.9,1492
2026-09-18 13:36:03.500,229.66,229.67,1255,948,229.66,2203
2026-09-18 13:36:04.000,229.78,229.79,1349,28,229.78,1377
2026-09-18 13:36:04.500,229.9,229.91,1170,741,229.9,1911
2026-09-18 13:36:05.000,229.9,229.91,779,655,229.9,1434
2026-09-18 13:36:05.500,229.96,229.97,685,401,229.96,1086
2026-09-18 13:36:06.000,229.88,229.89,1158,698,229.88,1856
2026-09-18 13:36:06.500,229.82,229.84,922,489,229.83,1411
2026-09-18 13:36:07.000,229.76,229.78,902,454,229.77,1356
2026-09-18 13:36:07.500,229.69,229.71,1132,205,229.7,1337
2026-09-18 13:36:08.000,229.58,229.59,1219,606,229.58,1825
2026-09-18 13:36:08.500,229.62,229.64,1439,748,229.63,2187
2026-09-18 13:36:09.000,229.71,229.73,1282,396,229.72,1678
2026-09-18 13:36:09.500,229.5,229.51,739,930,229.51,1669
2026-09-18 13:36:10.000,229.62,229.63,1504,1035,229.62,2539
2026-09-18 13:36:10.500,229.6,229.61,1275,678,229.6,1953
2026-09-18 13:36:11.000,229.63,229.65,794,390,229.64,1184
2026-09-18 13:36:11.500,229.42,229.44,1199,1231,229.43,2430
2026-09-18 13:36:12.000,229.66,229.67,1554,824,229.67,2378
2026-09-18 13:36:12.500,229.34,229.36,538,81,229.35,619
2026-09-18 13:36:13.000,229.36,229.37,932,886,229.36,1818
2026-09-18 13:36:13.500,229.4,229.42,1299,791,229.41,2090
2026-09-18 13:36:14.000,229.56,229.57,1361,719,229.56,2080
2026-09-18 13:36:14.500,229.32,229.34,1182,900,229.33,2082
2026-09-18 13:36:15.000,229.22,229.23,1463,147,229.22,1610
2026-09-18 13:36:15.500,229.32,229.33,1050,138,229.32,1188
2026-09-18 13:36:16.000,229.24,229.26,780,883,229.25,1663
2026-09-18 13:36:16.500,229.36,229.37,1099,1082,229.36,2181
2026-09-18 13:36:17.000,229.36,229.38,1750,179,229.37,1929
2026-09-18 13:36:17.500,229.34,229.35,1585,897,229.34,2482
2026-09-18 13:36:18.000,229.54,229.56,1112,836,229.55,1948
2026-09-18 13:36:18.500,229.56,229.57,1351,562,229.56,1913
2026-09-18 13:36:19.000,229.52,229.53,1371,579,229.52,1950
2026-09-18 13:36:19.500,229.5,229.51,1008,545,229.51,1553
2026-09-18 13:36:20.000,229.41,229.43,965,838,229.42,1803
2026-09-18 13:36:20.500,229.34,229.36,1285,653,229.35,1938
2026-09-18 13:36:21.000,229.3,229.31,1377,588,229.3,1965
2026-09-18 13:36:21.500,229.49,229.51,909,882,229.5,1791
2026-09-18 13:36:22.000,229.62,229.63,1310,1,229.62,1311
2026-09-18 13:36:22.500,229.72,229.73,1057,556,229.73,1613
2026-09-18 13:36:23.000,229.86,229.87,1037,172,229.86,1209
2026-09-18 13:36:23.500,229.79,229.81,1603,391,229.8,1994
2026-09-18 13:36:24.000,229.72,229.73,1536,760,229.72,2296
2026-09-18 13:36:24.500,229.68,229.7,1538,1,229.69,1539
2026-09-18 13:36:25.000,229.8,229.81,971,420,229.8,1391
2026-09-18 13:36:25.500,229.7,229.72,1400,416,229.71,1816
2026-09-18 13:36:26.000,229.6,229.61,770,427,229.6,1197
2026-09-18 13:36:26.500,229.61,229.63,1021,519,229.62,1540
2026-09-18 13:36:27.000,229.79,229.81,1136,804,229.8,1940
2026-09-18 13:36:27.500,229.74,229.76,1213,1144,229.75,2357
2026-09-18 13:36:28.000,229.5,229.52,1008,404,229.51,1412
2026-09-18 13:36:28.500,229.57,229.59,1170,1140,229.58,2310
2026-09-18 13:36:29.000,229.59,229.61,1227,717,229.6,1944
2026-09-18 13:36:29.500,229.54,229.55,1346,682,229.54,2028
2026-09-18 13:36:30.000,229.56,229.58,1928,711,229.57,2639
2026-09-18 13:36:30.500,229.6,229.62,1669,889,229.61,2558
2026-09-18 13:36:31.000,229.82,229.84,1402,559,229.83,1961
2026-09-18 13:36:31.500,229.8,229.82,1029,1063,229.81,2092
2026-09-18 13:36:32.000,229.77,229.79,890,807,229.78,1697
2026-09-18 13:36:32.500,229.76,229.78,633,456,229.77,1089
2026-09-18 13:36:33.000,229.76,229.77,1886,652,229.76,2538
2026-09-18 13:36:33.500,230.02,230.04,1282,786,230.03,2068
2026-09-18 13:36:34.000,229.94,229.95,1176,350,229.94,1526
2026-09-18 13:36:34.500,229.87,229.89,1509,750,229.88,2259
2026-09-18 13:36:35.000,230.05,230.07,1380,836,230.06,2216
2026-09-18 13:36:35.500,229.9,229.92,1400,793,229.91,2193
2026-09-18 13:36:36.000,229.88,229.89,1559,414,229.88,1973
2026-09-18 13:36:36.500,230.04,230.06,1082,475,230.05,1557
2026-09-18 13:36:37.000,230.16,230.17,1007,241,230.17,1248
2026-09-18 13:36:37.500,230.3,230.32,807,228,230.31,1035
2026-09-18 13:36:38.000,230.36,230.38,1660,539,230.37,2199
2026-09-18 13:36:38.500,230.36,230.37,857,783,230.36,1640
2026-09-18 13:36:39.000,230.64,230.66,756,717,230.65,1473
2026-09-18 13:36:39.500,230.7,230.72,1514,855,230.71,2369
2026-09-18 13:36:40.000,230.9,230.92,1062,550,230.91,1612
2026-09-18 13:36:40.500,230.94,230.95,1419,643,230.95,2062
2026-09-18 13:36:41.000,230.94,230.95,1298,373,230.94,1671
2026-09-18 13:36:41.500,231.06,231.07,709,405,231.06,1114
2026-09-18 13:36:42.000,231.2,231.22,489,591,231.21,1080
2026-09-18 13:36:42.500,231.45,231.47,1931,754,231.46,2685
2026-09-18 13:36:43.000,231.16,231.17,1299,1108,231.17,2407
2026-09-18 13:36:43.500,230.84,230.86,611,601,230.85,1212
2026-09-18 13:36:44.000,230.83,230.85,924,256,230.84,1180
2026-09-18 13:36:44.500,230.82,230.84,1626,276,230.83,1902
2026-09-18 13:36:45.000,230.86,230.87,1142,548,230.86,1690
2026-09-18 13:36:45.500,231.04,231.06,1213,494,231.05,1707
2026-09-18 13:36:46.000,231.04,231.05,1078,439,231.04,1517
2026-09-18 13:36:46.500,231.05,231.07,1491,1060,231.06,2551
2026-09-18 13:36:47.000,231.12,231.14,988,260,231.13,1248
2026-09-18 13:36:47.500,230.96,230.98,857,410,230.97,1267
2026-09-18 13:36:48.000,231.12,231.13,1054,792,231.12,1846
2026-09-18 13:36:48.500,231.07,231.09,622,591,231.08,1213
2026-09-18 13:36:49.000,231.11,231.13,969,490,231.12,1459
2026-09-18 13:36:49.500,231.04,231.06,1138,951,231.05,2089
2026-09-18 13:36:50.000,231.12,231.14,1115,529,231.13,1644
2026-09-18 13:36:50.500,231.22,231.23,1239,461,231.23,1700
2026-09-18 13:36:51.000,231.41,231.43,605,895,231.42,1500
2026-09-18 13:36:51.500,231.68,231.69,1190,219,231.68,1409
2026-09-18 13:36:52.000,231.66,231.67,833,964,231.67,1797
2026-09-18 13:36:52.500,231.79,231.81,1037,1103,231.8,2140
2026-09-18 13:36:53.000,231.72,231.73,1885,434,231.73,2319
2026-09-18 13:36:53.500,231.7,231.71,750,160,231.7,910
2026-09-18 13:36:54.000,231.62,231.64,1403,307,231.63,1710
2026-09-18 13:36:54.500,231.78,231.79,1034,608,231.78,1642
2026-09-18 13:36:55.000,231.74,231.76,1155,830,231.75,1985
2026-09-18 13:36:55.500,231.62,231.63,893,647,231.62,1540
2026-09-18 13:36:56.000,231.64,231.65,1184,675,231.64,1859
2026-09-18 13:36:56.500,231.54,231.55,1410,1,231.54,1411
2026-09-18 13:36:57.000,231.46,231.48,1065,579,231.47,1644
2026-09-18 13:36:57.500,231.64,231.66,729,317,231.65,1046
2026-09-18 13:36:58.000,231.7,231.72,1429,611,231.71,2040
2026-09-18 13:36:58.500,231.68,231.7,1126,322,231.69,1448
2026-09-18 13:36:59.000,231.68,231.69,1075,334,231.68,1409
2026-09-18 13:36:59.500,231.64,231.66,1321,926,231.65,2247
2026-09-18 13:37:00.000,231.68,231.7,922,782,231.69,1704
2026-09-18 13:37:00.500,231.76,231.78,1189,817,231.77,2006
2026-09-18 13:37:01.000,231.46,231.48,1007,1092,231.47,2099
2026-09-18 13:37:01.500,231.5,231.52,910,911,231.51,1821
2026-09-18 13:37:02.000,231.75,231.77,995,1199,231.76,2194
2026-09-18 13:37:02.500,231.76,231.78,878,472,231.77,1350
2026-09-18 13:37:03.000,231.73,231.75,1477,357,231.74,1834
2026-09-18 13:37:03.500,231.66,231.67,1102,358,231.67,1460
2026-09-18 13:37:04.000,231.46,231.47,1347,582,231.46,1929
2026-09-18 13:37:04.500,231.64,231.65,1203,493,231.64,1696
2026-09-18 13:37:05.000,231.6,231.62,1284,698,231.61,1982
2026-09-18 13:37:05.500,231.44,231.45,1663,600,231.44,2263
2026-09-18 13:37:06.000,231.26,231.28,839,114,231.27,953
2026-09-18 13:37:06.500,231.44,231.45,1134,911,231.44,2045
2026-09-18 13:37:07.000,231.38,231.39,1048,623,231.39,1671
2026-09-18 13:37:07.500,231.26,231.28,1470,594,231.27,2064
2026-09-18 13:37:08.000,231.5,231.51,1228,934,231.51,2162
2026-09-18 13:37:08.500,231.52,231.53,831,371,231.52,1202
2026-09-18 13:37:09.000,231.22,231.23,1075,38,231.23,1113
2026-09-18 13:37:09.500,231.32,231.33,1464,917,231.32,2381
2026-09-18 13:37:10.000,231.36,231.38,1081,465,231.37,1546
2026-09-18 13:37:10.500,231.56,231.58,1654,740,231.57,2394
2026-09-18 13:37:11.000,231.49,231.51,1089,1416,231.5,2505
2026-09-18 13:37:11.500,231.5,231.51,1065,420,231.51,1485
2026-09-18 13:37:12.000,231.7,231.72,1516,610,231.71,2126
2026-09-18 13:37:12.500,231.92,231.94,526,1120,231.93,1646
2026-09-18 13:37:13.000,231.84,231.86,1471,274,231.85,1745
2026-09-18 13:37:13.500,231.98,231.99,762,1202,231.98,1964
2026-09-18 13:37:14.000,232.07,232.09,389,782,232.08,1171
2026-09-18 13:37:14.500,231.98,231.99,885,387,231.98,1272
2026-09-18 13:37:15.000,231.96,231.97,875,574,231.96,1449
2026-09-18 13:37:15.500,231.9,231.92,665,1386,231.91,2051
2026-09-18 13:37:16.000,231.8,231.82,718,754,231.81,1472
2026-09-18 13:37:16.500,231.92,231.93,677,1248,231.92,1925
2026-09-18 13:37:17.000,231.98,232,882,1317,231.99,2199
2026-09-18 13:37:17.500,232.16,232.17,432,806,232.16,1238
2026-09-18 13:37:18.000,232.38,232.39,866,982,232.38,1848
2026-09-18 13:37:18.500,232.37,232.39,850,802,232.38,1652
2026-09-18 13:37:19.000,232.46,232.48,701,1213,232.47,1914
2026-09-18 13:37:19.500,232.62,232.63,374,968,232.62,1342
2026-09-18 13:37:20.000,232.56,232.58,281,690,232.57,971
2026-09-18 13:37:20.500,232.48,232.49,83,957,232.48,1040
2026-09-18 13:37:21.000,232.66,232.67,426,943,232.66,1369
2026-09-18 13:37:21.500,232.64,232.66,730,763,232.65,1493
2026-09-18 13:37:22.000,232.76,232.77,739,1569,232.76,2308
2026-09-18 13:37:22.500,232.8,232.82,2,1069,232.81,1071
2026-09-18 13:37:23.000,233.16,233.17,531,1143,233.16,1674
2026-09-18 13:37:23.500,232.92,232.93,632,1484,232.92,2116
2026-09-18 13:37:24.000,232.94,232.95,525,1286,232.94,1811
2026-09-18 13:37:24.500,233.05,233.07,773,1164,233.06,1937
2026-09-18 13:37:25.000,233.09,233.11,541,895,233.1,1436
2026-09-18 13:37:25.500,232.92,232.94,140,1186,232.93,1326
2026-09-18 13:37:26.000,233.04,233.05,195,1206,233.04,1401
2026-09-18 13:37:26.500,233.15,233.17,511,1386,233.16,1897
2026-09-18 13:37:27.000,233.26,233.28,737,1271,233.27,2008
2026-09-18 13:37:27.500,233.26,233.27,502,1555,233.26,2057
2026-09-18 13:37:28.000,233.48,233.49,632,1645,233.48,2277
2026-09-18 13:37:28.500,233.26,233.28,684,1501,233.27,2185
2026-09-18 13:37:29.000,233.2,233.21,879,1112,233.2,1991
2026-09-18 13:37:29.500,233.3,233.32,472,815,233.31,1287
2026-09-18 13:37:30.000,233.26,233.28,516,1093,233.27,1609
2026-09-18 13:37:30.500,233.22,233.23,639,1175,233.23,1814
2026-09-18 13:37:31.000,233.09,233.11,303,1127,233.1,1430
2026-09-18 13:37:31.500,232.96,232.98,156,1228,232.97,1384
2026-09-18 13:37:32.000,232.8,232.82,711,1137,232.81,1848
2026-09-18 13:37:32.500,232.9,232.92,674,1424,232.91,2098
2026-09-18 13:37:33.000,232.66,232.67,627,1129,232.66,1756
2026-09-18 13:37:33.500,232.42,232.44,642,1162,232.43,1804
2026-09-18 13:37:34.000,232.46,232.48,562,1459,232.47,2021
2026-09-18 13:37:34.500,232.3,232.31,359,990,232.3,1349
2026-09-18 13:37:35.000,232.13,232.15,575,1056,232.14,1631
2026-09-18 13:37:35.500,232.06,232.08,111,1139,232.07,1250
2026-09-18 13:37:36.000,232.3,232.31,441,1311,232.3,1752
2026-09-18 13:37:36.500,232.2,232.21,237,784,232.2,1021
2026-09-18 13:37:37.000,232.18,232.2,454,916,232.19,1370
2026-09-18 13:37:37.500,232.24,232.25,1,1380,232.24,1381
2026-09-18 13:37:38.000,232.22,232.23,602,1677,232.22,2279
2026-09-18 13:37:38.500,232.46,232.48,339,1160,232.47,1499
2026-09-18 13:37:39.000,232.48,232.5,711,701,232.49,1412
2026-09-18 13:37:39.500,232.58,232.6,676,930,232.59,1606
2026-09-18 13:37:40.000,232.44,232.46,473,1363,232.45,1836
2026-09-18 13:37:40.500,232.2,232.21,1057,1240,232.2,2297
2026-09-18 13:37:41.000,232.18,232.19,201,1098,232.18,1299
2026-09-18 13:37:41.500,232.28,232.3,904,872,232.29,1776
2026-09-18 13:37:42.000,232.34,232.35,230,877,232.34,1107
2026-09-18 13:37:42.500,232.27,232.29,161,981,232.28,1142
2026-09-18 13:37:43.000,232.22,232.23,1,1421,232.23,1422
2026-09-18 13:37:43.500,232.24,232.26,394,941,232.25,1335
2026-09-18 13:37:44.000,232.34,232.36,359,1362,232.35,1721
2026-09-18 13:37:44.500,232.34,232.35,1,1705,232.34,1706
2026-09-18 13:37:45.000,232.3,232.31,423,1160,232.3,1583
2026-09-18 13:37:45.500,232.24,232.26,535,1434,232.25,1969
2026-09-18 13:37:46.000,232.32,232.34,725,1139,232.33,1864
2026-09-18 13:37:46.500,232.36,232.38,904,1094,232.37,1998
2026-09-18 13:37:47.000,232.18,232.2,629,1083,232.19,1712
2026-09-18 13:37:47.500,232.32,232.34,633,1030,232.33,1663
2026-09-18 13:37:48.000,232.32,232.33,872,906,232.32,1778
2026-09-18 13:37:48.500,232.36,232.38,490,1322,232.37,1812
2026-09-18 13:37:49.000,232.24,232.25,150,1593,232.24,1743
2026-09-18 13:37:49.500,232.41,232.43,500,749,232.42,1249
2026-09-18 13:37:50.000,232.36,232.37,881,692,232.36,1573
2026-09-18 13:37:50.500,232.3,232.32,719,1240,232.31,1959
2026-09-18 13:37:51.000,232.15,232.17,878,1563,232.16,2441
2026-09-18 13:37:51.500,232.12,232.14,646,1193,232.13,1839
2026-09-18 13:37:52.000,231.87,231.89,344,1141,231.88,1485
2026-09-18 13:37:52.500,231.88,231.89,581,1113,231.89,1694
2026-09-18 13:37:53.000,231.68,231.69,191,1293,231.68,1484
2026-09-18 13:37:53.500,231.76,231.78,696,1226,231.77,1922
2026-09-18 13:37:54.000,231.66,231.67,694,961,231.67,1655
2026-09-18 13:37:54.500,231.54,231.56,240,1210,231.55,1450
2026-09-18 13:37:55.000,231.59,231.61,802,664,231.6,1466
2026-09-18 13:37:55.500,231.68,231.7,497,1487,231.69,1984
2026-09-18 13:37:56.000,231.5,231.51,7,1007,231.5,1014
2026-09-18 13:37:56.500,231.46,231.48,330,1309,231.47,1639
2026-09-18 13:37:57.000,231.36,231.37,261,1132,231.36,1393
2026-09-18 13:37:57.500,231.34,231.35,535,1221,231.34,1756
2026-09-18 13:37:58.000,231.47,231.49,475,1143,231.48,1618
2026-09-18 13:37:58.500,231.62,231.63,427,1169,231.62,1596
2026-09-18 13:37:59.000,231.51,231.53,518,1013,231.52,1531
2026-09-18 13:37:59.500,231.48,231.49,116,1493,231.48,1609
2026-09-18 13:38:00.000,231.32,231.34,222,1832,231.33,2054
2026-09-18 13:38:00.500,231.26,231.27,521,662,231.26,1183
2026-09-18 13:38:01.000,231.04,231.06,555,805,231.05,1360
2026-09-18 13:38:01.500,231.14,231.16,709,1269,231.15,1978
2026-09-18 13:38:02.000,231.18,231.2,341,1186,231.19,1527
2026-09-18 13:38:02.500,231.34,231.36,657,1496,231.35,2153
2026-09-18 13:38:03.000,231.26,231.27,589,869,231.26,1458
2026-09-18 13:38:03.500,230.96,230.98,234,1382,230.97,1616
2026-09-18 13:38:04.000,231,231.01,893,1235,231.01,2128
2026-09-18 13:38:04.500,231.1,231.12,1055,1519,231.11,2574
2026-09-18 13:38:05.000,231.05,231.07,918,938,231.06,1856
2026-09-18 13:38:05.500,230.92,230.93,959,1053,230.92,2012
2026-09-18 13:38:06.000,230.96,230.97,663,1160,230.96,1823
2026-09-18 13:38:06.500,230.73,230.75,470,1123,230.74,1593
2026-09-18 13:38:07.000,230.74,230.75,412,1433,230.74,1845
2026-09-18 13:38:07.500,230.65,230.67,872,1220,230.66,2092
2026-09-18 13:38:08.000,230.86,230.88,605,810,230.87,1415
2026-09-18 13:38:08.500,230.82,230.83,175,922,230.82,1097
2026-09-18 13:38:09.000,230.72,230.73,813,762,230.72,1575
2026-09-18 13:38:09.500,230.88,230.89,131,702,230.89,833
2026-09-18 13:38:10.000,230.86,230.87,802,535,230.86,1337
2026-09-18 13:38:10.500,231.1,231.11,660,1366,231.1,2026
2026-09-18 13:38:11.000,230.92,230.94,960,1117,230.93,2077
2026-09-18 13:38:11.500,231,231.01,135,1059,231,1194
2026-09-18 13:38:12.000,230.82,230.83,852,1539,230.82,2391
2026-09-18 13:38:12.500,230.84,230.85,839,1276,230.84,2115
2026-09-18 13:38:13.000,230.83,230.85,640,926,230.84,1566
2026-09-18 13:38:13.500,230.94,230.95,838,871,230.95,1709
2026-09-18 13:38:14.000,230.82,230.83,34,785,230.82,819
2026-09-18 13:38:14.500,230.78,230.8,1052,756,230.79,1808
2026-09-18 13:38:15.000,230.74,230.75,948,863,230.74,1811
2026-09-18 13:38:15.500,230.42,230.44,476,1180,230.43,1656
2026-09-18 13:38:16.000,230.21,230.23,70,973,230.22,1043
2026-09-18 13:38:16.500,230.33,230.35,376,863,230.34,1239
2026-09-18 13:38:17.000,230.58,230.59,232,752,230.58,984
2026-09-18 13:38:17.500,230.42,230.44,312,852,230.43,1164
2026-09-18 13:38:18.000,230.52,230.54,632,1103,230.53,1735
2026-09-18 13:38:18.500,230.56,230.57,687,1100,230.56,1787
2026-09-18 13:38:19.000,230.74,230.76,699,882,230.75,1581
2026-09-18 13:38:19.500,230.77,230.79,928,1172,230.78,2100
2026-09-18 13:38:20.000,230.84,230.85,834,1326,230.84,2160
2026-09-18 13:38:20.500,231,231.02,140,1340,231.01,1480
2026-09-18 13:38:21.000,230.86,230.87,523,761,230.86,1284
2026-09-18 13:38:21.500,230.86,230.88,630,1340,230.87,1970
2026-09-18 13:38:22.000,230.74,230.75,471,1050,230.74,1521
2026-09-18 13:38:22.500,230.71,230.73,472,1249,230.72,1721
2026-09-18 13:38:23.000,230.76,230.77,512,972,230.76,1484
2026-09-18 13:38:23.500,230.56,230.57,461,771,230.56,1232
2026-09-18 13:38:24.000,230.54,230.56,206,1229,230.55,1435
2026-09-18 13:38:24.500,230.92,230.93,554,1165,230.92,1719
2026-09-18 13:38:25.000,231.22,231.23,816,1901,231.22,2717
2026-09-18 13:38:25.500,231.27,231.29,830,1578,231.28,2408
2026-09-18 13:38:26.000,231.36,231.37,508,1475,231.36,1983
2026-09-18 13:38:26.500,231.46,231.47,633,1099,231.46,1732
2026-09-18 13:38:27.000,231.75,231.77,967,1272,231.76,2239
2026-09-18 13:38:27.500,231.8,231.81,144,1436,231.8,1580
2026-09-18 13:38:28.000,231.52,231.54,973,860,231.53,1833
2026-09-18 13:38:28.500,231.5,231.51,72,939,231.5,1011
2026-09-18 13:38:29.000,231.46,231.48,606,1292,231.47,1898
2026-09-18 13:38:29.500,231.64,231.66,617,1045,231.65,1662
2026-09-18 13:38:30.000,231.86,231.88,452,1001,231.87,1453
2026-09-18 13:38:30.500,231.9,231.92,556,1229,231.91,1785
2026-09-18 13:38:31.000,231.98,231.99,1008,1169,231.98,2177
2026-09-18 13:38:31.500,231.82,231.84,445,976,231.83,1421
2026-09-18 13:38:32.000,231.94,231.95,1078,1143,231.95,2221
2026-09-18 13:38:32.500,232.2,232.21,1141,1030,232.2,2171
2026-09-18 13:38:33.000,232.14,232.16,279,1248,232.15,1527
2026-09-18 13:38:33.500,232.2,232.21,426,861,232.2,1287
2026-09-18 13:38:34.000,232.2,232.22,381,1101,232.21,1482
2026-09-18 13:38:34.500,232.28,232.29,838,1367,232.28,2205
2026-09-18 13:38:35.000,232.28,232.3,1096,777,232.29,1873
2026-09-18 13:38:35.500,232.42,232.43,459,1633,232.42,2092
2026-09-18 13:38:36.000,232.28,232.29,500,1281,232.28,1781
2026-09-18 13:38:36.500,232.22,232.23,165,1110,232.22,1275
2026-09-18 13:38:37.000,232.22,232.24,326,1332,232.23,1658
2026-09-18 13:38:37.500,232.34,232.35,787,1505,232.34,2292
2026-09-18 13:38:38.000,232.18,232.2,311,1228,232.19,1539
2026-09-18 13:38:38.500,232.1,232.12,363,1333,232.11,1696
2026-09-18 13:38:39.000,231.8,231.81,640,1490,231.8,2130
2026-09-18 13:38:39.500,231.59,231.61,326,1684,231.6,2010
2026-09-18 13:38:40.000,231.66,231.67,665,1362,231.67,2027
2026-09-18 13:38:40.500,231.56,231.58,767,1409,231.57,2176
2026-09-18 13:38:41.000,231.54,231.55,1007,1215,231.54,2222
2026-09-18 13:38:41.500,231.52,231.54,289,1240,231.53,1529
2026-09-18 13:38:42.000,231.52,231.53,305,1643,231.52,1948
2026-09-18 13:38:42.500,231.72,231.73,594,1386,231.73,1980
2026-09-18 13:38:43.000,231.73,231.75,686,995,231.74,1681
2026-09-18 13:38:43.500,231.42,231.44,424,1262,231.43,1686
2026-09-18 13:38:44.000,231.42,231.43,466,1023,231.42,1489
2026-09-18 13:38:44.500,231.32,231.33,395,1435,231.32,1830
2026-09-18 13:38:45.000,231.33,231.35,416,1535,231.34,1951
2026-09-18 13:38:45.500,231.34,231.35,1076,1078,231.34,2154
2026-09-18 13:38:46.000,231.3,231.32,568,1112,231.31,1680
2026-09-18 13:38:46.500,230.98,231,349,1125,230.99,1474
2026-09-18 13:38:47.000,230.82,230.84,1,1206,230.83,1207
2026-09-18 13:38:47.500,230.91,230.93,308,1620,230.92,1928
2026-09-18 13:38:48.000,231.02,231.04,187,1133,231.03,1320
2026-09-18 13:38:48.500,231.06,231.07,627,1277,231.06,1904
2026-09-18 13:38:49.000,230.88,230.9,115,1190,230.89,1305
2026-09-18 13:38:49.500,230.88,230.89,468,1148,230.89,1616
2026-09-18 13:38:50.000,231.06,231.08,1,1680,231.07,1681
2026-09-18 13:38:50.500,231,231.01,654,1400,231,2054
2026-09-18 13:38:51.000,230.96,230.98,488,1442,230.97,1930
2026-09-18 13:38:51.500,231.02,231.04,589,1248,231.03,1837
2026-09-18 13:38:52.000,230.98,231,280,1378,230.99,1658
2026-09-18 13:38:52.500,231.02,231.03,596,1267,231.02,1863
2026-09-18 13:38:53.000,230.86,230.87,505,1417,230.86,1922
2026-09-18 13:38:53.500,230.78,230.79,410,1386,230.78,1796
2026-09-18 13:38:54.000,230.54,230.56,440,1149,230.55,1589
2026-09-18 13:38:54.500,230.42,230.43,395,1628,230.42,2023
2026-09-18 13:38:55.000,230.26,230.28,380,854,230.27,1234
2026-09-18 13:38:55.500,230.08,230.09,122,1215,230.08,1337
2026-09-18 13:38:56.000,230.34,230.36,716,1034,230.35,1750
2026-09-18 13:38:56.500,230.2,230.22,1,1247,230.21,1248
2026-09-18 13:38:57.000,230.28,230.29,734,1750,230.28,2484
2026-09-18 13:38:57.500,230.19,230.21,763,991,230.2,1754
2026-09-18 13:38:58.000,230.35,230.37,416,1059,230.36,1475
2026-09-18 13:38:58.500,230.28,230.3,4,1849,230.29,1853
2026-09-18 13:38:59.000,230.36,230.37,692,1442,230.36,2134
2026-09-18 13:38:59.500,230.36,230.37,116,1416,230.36,1532
2026-09-18 13:39:00.000,230.5,230.51,709,1506,230.51,2215
2026-09-18 13:39:00.500,230.45,230.47,264,1157,230.46,1421
2026-09-18 13:39:01.000,230.26,230.28,693,1099,230.27,1792
2026-09-18 13:39:01.500,230.22,230.24,314,1658,230.23,1972
2026-09-18 13:39:02.000,230.34,230.36,327,1775,230.35,2102
2026-09-18 13:39:02.500,230.36,230.37,644,1313,230.36,1957
2026-09-18 13:39:03.000,230.41,230.43,690,1433,230.42,2123
2026-09-18 13:39:03.500,230.3,230.32,1,1136,230.31,1137
2026-09-18 13:39:04.000,230.16,230.17,454,1378,230.17,1832
2026-09-18 13:39:04.500,230.24,230.26,1083,1439,230.25,2522
2026-09-18 13:39:05.000,230.44,230.46,907,2073,230.45,2980
2026-09-18 13:39:05.500,230.63,230.65,152,1706,230.64,1858
2026-09-18 13:39:06.000,230.55,230.57,594,2000,230.56,2594
2026-09-18 13:39:06.500,230.42,230.44,1,1208,230.43,1209
2026-09-18 13:39:07.000,230.36,230.38,938,1142,230.37,2080
2026-09-18 13:39:07.500,230.32,230.34,438,1736,230.33,2174
2026-09-18 13:39:08.000,230.4,230.42,112,1320,230.41,1432
2026-09-18 13:39:08.500,230.44,230.45,457,1608,230.45,2065
2026-09-18 13:39:09.000,230.32,230.33,1,1364,230.32,1365
2026-09-18 13:39:09.500,230.29,230.31,670,1444,230.3,2114
2026-09-18 13:39:10.000,230.36,230.38,653,1455,230.37,2108
2026-09-18 13:39:10.500,230.52,230.54,6,878,230.53,884
2026-09-18 13:39:11.000,230.44,230.45,502,1482,230.45,1984
2026-09-18 13:39:11.500,230.3,230.32,188,1007,230.31,1195
2026-09-18 13:39:12.000,230.4,230.42,779,1418,230.41,2197
2026-09-18 13:39:12.500,230.24,230.26,391,1181,230.25,1572
2026-09-18 13:39:13.000,230.15,230.17,334,1449,230.16,1783
2026-09-18 13:39:13.500,230.1,230.12,694,1501,230.11,2195
2026-09-18 13:39:14.000,229.74,229.76,175,1357,229.75,1532
2026-09-18 13:39:14.500,229.94,229.95,339,964,229.94,1303
2026-09-18 13:39:15.000,229.78,229.79,641,2004,229.78,2645
2026-09-18 13:39:15.500,229.66,229.67,1091,1805,229.67,2896
2026-09-18 13:39:16.000,229.78,229.8,1122,1408,229.79,2530
2026-09-18 13:39:16.500,229.68,229.69,812,1310,229.68,2122
2026-09-18 13:39:17.000,229.58,229.59,182,1888,229.58,2070
2026-09-18 13:39:17.500,229.6,229.62,367,1332,229.61,1699
2026-09-18 13:39:18.000,229.92,229.93,495,1191,229.92,1686
2026-09-18 13:39:18.500,230.01,230.03,343,1278,230.02,1621
2026-09-18 13:39:19.000,230.16,230.17,1163,1898,230.17,3061
2026-09-18 13:39:19.500,230.18,230.19,398,1044,230.18,1442
2026-09-18 13:39:20.000,229.96,229.98,406,1192,229.97,1598
2026-09-18 13:39:20.500,229.98,230,392,1020,229.99,1412
2026-09-18 13:39:21.000,229.78,229.8,870,1684,229.79,2554
2026-09-18 13:39:21.500,229.64,229.66,533,1452,229.65,1985
2026-09-18 13:39:22.000,229.6,229.61,54,1161,229.6,1215
2026-09-18 13:39:22.500,229.43,229.45,596,1403,229.44,1999
2026-09-18 13:39:23.000,229.5,229.51,854,1203,229.5,2057
2026-09-18 13:39:23.500,229.4,229.41,382,1310,229.4,1692
2026-09-18 13:39:24.000,229.42,229.44,360,1550,229.43,1910
2026-09-18 13:39:24.500,229.42,229.43,433,1645,229.42,2078
2026-09-18 13:39:25.000,229.44,229.46,570,1578,229.45,2148
2026-09-18 13:39:25.500,229.56,229.57,73,1442,229.56,1515
2026-09-18 13:39:26.000,229.38,229.39,584,1493,229.39,2077
2026-09-18 13:39:26.500,229.54,229.56,810,1325,229.55,2135
2026-09-18 13:39:27.000,229.54,229.56,578,1354,229.55,1932
2026-09-18 13:39:27.500,229.7,229.72,504,1594,229.71,2098
2026-09-18 13:39:28.000,229.66,229.68,285,671,229.67,956
2026-09-18 13:39:28.500,229.6,229.61,181,1269,229.6,1450
2026-09-18 13:39:29.000,229.62,229.64,424,1112,229.63,1536
2026-09-18 13:39:29.500,229.74,229.75,901,1414,229.74,2315
2026-09-18 13:39:30.000,229.92,229.94,785,1673,229.93,2458
2026-09-18 13:39:30.500,230.05,230.07,649,1305,230.06,1954
2026-09-18 13:39:31.000,230.08,230.1,615,1478,230.09,2093
2026-09-18 13:39:31.500,230.06,230.08,226,1669,230.07,1895
2026-09-18 13:39:32.000,230.05,230.07,556,1317,230.06,1873
2026-09-18 13:39:32.500,230,230.01,644,1759,230.01,2403
2026-09-18 13:39:33.000,230.11,230.13,794,1533,230.12,2327
2026-09-18 13:39:33.500,230,230.01,787,1088,230,1875
2026-09-18 13:39:34.000,230,230.01,59,1228,230.01,1287
2026-09-18 13:39:34.500,230,230.02,279,1369,230.01,1648
2026-09-18 13:39:35.000,230.05,230.07,1009,1511,230.06,2520
2026-09-18 13:39:35.500,230.08,230.1,539,861,230.09,1400
2026-09-18 13:39:36.000,230.04,230.06,788,1388,230.05,2176
2026-09-18 13:39:36.500,230.18,230.19,329,1569,230.18,1898
2026-09-18 13:39:37.000,230.34,230.36,634,902,230.35,1536
2026-09-18 13:39:37.500,230.58,230.59,630,1180,230.58,1810
2026-09-18 13:39:38.000,230.34,230.36,692,1030,230.35,1722
2026-09-18 13:39:38.500,230.62,230.64,976,1358,230.63,2334
2026-09-18 13:39:39.000,230.5,230.51,850,1590,230.5,2440
2026-09-18 13:39:39.500,230.36,230.38,704,669,230.37,1373
2026-09-18 13:39:40.000,230.22,230.23,335,937,230.22,1272
2026-09-18 13:39:40.500,230.24,230.26,608,1137,230.25,1745
2026-09-18 13:39:41.000,230.34,230.35,643,1482,230.34,2125
2026-09-18 13:39:41.500,230.2,230.21,287,1660,230.2,1947
2026-09-18 13:39:42.000,230.06,230.07,850,1229,230.06,2079
2026-09-18 13:39:42.500,229.88,229.89,176,1386,229.88,1562
2026-09-18 13:39:43.000,229.96,229.97,1,2032,229.96,2033
2026-09-18 13:39:43.500,229.89,229.91,624,1346,229.9,1970
2026-09-18 13:39:44.000,230.08,230.1,159,1013,230.09,1172
2026-09-18 13:39:44.500,230.17,230.19,152,1060,230.18,1212
2026-09-18 13:39:45.000,230.26,230.27,144,1742,230.26,1886
2026-09-18 13:39:45.500,230.16,230.18,213,1549,230.17,1762
2026-09-18 13:39:46.000,230.22,230.23,805,1264,230.23,2069
2026-09-18 13:39:46.500,230.26,230.28,612,1578,230.27,2190
2026-09-18 13:39:47.000,229.96,229.98,214,1853,229.97,2067
2026-09-18 13:39:47.500,229.92,229.94,135,1218,229.93,1353
2026-09-18 13:39:48.000,229.78,229.79,796,1884,229.78,2680
2026-09-18 13:39:48.500,229.74,229.76,363,1553,229.75,1916
2026-09-18 13:39:49.000,229.64,229.66,600,1537,229.65,2137
2026-09-18 13:39:49.500,229.74,229.76,449,1360,229.75,1809
2026-09-18 13:39:50.000,229.81,229.83,520,1684,229.82,2204
2026-09-18 13:39:50.500,229.68,229.7,61,943,229.69,1004
2026-09-18 13:39:51.000,229.93,229.95,207,974,229.94,1181
2026-09-18 13:39:51.500,229.98,229.99,151,1132,229.98,1283
2026-09-18 13:39:52.000,229.9,229.91,413,2004,229.9,2417
2026-09-18 13:39:52.500,229.62,229.64,72,1726,229.63,1798
2026-09-18 13:39:53.000,229.54,229.56,690,1363,229.55,2053
2026-09-18 13:39:53.500,229.73,229.75,1,1776,229.74,1777
2026-09-18 13:39:54.000,229.66,229.67,554,1468,229.66,2022
2026-09-18 13:39:54.500,229.7,229.72,411,1435,229.71,1846
2026-09-18 13:39:55.000,229.82,229.84,510,1152,229.83,1662
2026-09-18 13:39:55.500,229.96,229.98,84,1412,229.97,1496
2026-09-18 13:39:56.000,229.92,229.94,201,1724,229.93,1925
2026-09-18 13:39:56.500,229.77,229.79,741,1248,229.78,1989
2026-09-18 13:39:57.000,230.02,230.04,633,1337,230.03,1970
2026-09-18 13:39:57.500,230.1,230.12,256,1424,230.11,1680
2026-09-18 13:39:58.000,229.86,229.87,700,883,229.86,1583
2026-09-18 13:39:58.500,229.75,229.77,485,1741,229.76,2226
2026-09-18 13:39:59.000,229.68,229.69,746,1374,229.68,2120
2026-09-18 13:39:59.500,229.43,229.45,525,1234,229.44,1759
2026-09-18 13:40:00.000,229.21,229.23,641,1031,229.22,1672
2026-09-18 13:40:00.500,229.08,229.09,192,1399,229.08,1591
2026-09-18 13:40:01.000,228.88,228.9,670,1333,228.89,2003
2026-09-18 13:40:01.500,229.08,229.09,308,1279,229.08,1587
2026-09-18 13:40:02.000,229.02,229.03,899,1135,229.02,2034
2026-09-18 13:40:02.500,228.99,229.01,446,1167,229,1613
2026-09-18 13:40:03.000,229.04,229.05,5,1552,229.04,1557
2026-09-18 13:40:03.500,229.1,229.12,747,1702,229.11,2449
2026-09-18 13:40:04.000,229,229.01,761,1476,229,2237
2026-09-18 13:40:04.500,228.9,228.92,696,1186,228.91,1882
2026-09-18 13:40:05.000,229.02,229.03,184,1544,229.02,1728
2026-09-18 13:40:05.500,228.92,228.93,298,1543,228.92,1841
2026-09-18 13:40:06.000,229.12,229.13,201,1315,229.12,1516
2026-09-18 13:40:06.500,229.24,229.25,1,1076,229.24,1077
2026-09-18 13:40:07.000,229.42,229.43,1,1806,229.42,1807
2026-09-18 13:40:07.500,229.26,229.28,351,1794,229.27,2145
2026-09-18 13:40:08.000,229.24,229.25,332,1476,229.24,1808
2026-09-18 13:40:08.500,229.18,229.19,566,1320,229.18,1886
2026-09-18 13:40:09.000,229.32,229.33,218,1173,229.32,1391
2026-09-18 13:40:09.500,229.38,229.39,687,1272,229.38,1959
2026-09-18 13:40:10.000,229.3,229.32,694,1667,229.31,2361
2026-09-18 13:40:10.500,229.42,229.44,316,1238,229.43,1554
2026-09-18 13:40:11.000,229.48,229.5,351,1062,229.49,1413
2026-09-18 13:40:11.500,229.65,229.67,686,1452,229.66,2138
2026-09-18 13:40:12.000,229.44,229.45,513,1574,229.45,2087
2026-09-18 13:40:12.500,229.43,229.45,510,1603,229.44,2113
2026-09-18 13:40:13.000,229.58,229.6,270,1482,229.59,1752
2026-09-18 13:40:13.500,229.74,229.76,555,1268,229.75,1823
2026-09-18 13:40:14.000,229.76,229.78,267,1135,229.77,1402
2026-09-18 13:40:14.500,229.74,229.76,313,1650,229.75,1963
2026-09-18 13:40:15.000,229.86,229.88,533,860,229.87,1393
2026-09-18 13:40:15.500,229.88,229.89,819,1824,229.88,2643
2026-09-18 13:40:16.000,229.78,229.79,352,1032,229.78,1384
2026-09-18 13:40:16.500,229.73,229.75,651,1271,229.74,1922
2026-09-18 13:40:17.000,229.42,229.43,1,1020,229.42,1021
2026-09-18 13:40:17.500,229.5,229.51,500,961,229.5,1461
2026-09-18 13:40:18.000,229.62,229.64,594,801,229.63,1395
2026-09-18 13:40:18.500,229.62,229.63,73,1390,229.62,1463
2026-09-18 13:40:19.000,229.52,229.53,570,1822,229.52,2392
2026-09-18 13:40:19.500,229.54,229.55,624,1527,229.54,2151
2026-09-18 13:40:20.000,229.62,229.63,705,1250,229.62,1955
2026-09-18 13:40:20.500,229.76,229.78,276,973,229.77,1249
2026-09-18 13:40:21.000,229.9,229.91,715,1339,229.9,2054
2026-09-18 13:40:21.500,229.88,229.89,266,1809,229.89,2075
2026-09-18 13:40:22.000,229.86,229.88,778,1505,229.87,2283
2026-09-18 13:40:22.500,229.97,229.99,231,1066,229.98,1297
2026-09-18 13:40:23.000,229.88,229.89,21,1534,229.89,1555
2026-09-18 13:40:23.500,229.78,229.79,752,1490,229.78,2242
2026-09-18 13:40:24.000,229.98,229.99,176,1333,229.98,1509
2026-09-18 13:40:24.500,230.06,230.07,387,946,230.06,1333
2026-09-18 13:40:25.000,230.16,230.17,723,1743,230.17,2466
2026-09-18 13:40:25.500,230.56,230.57,474,1029,230.56,1503
2026-09-18 13:40:26.000,230.56,230.58,553,1472,230.57,2025
2026-09-18 13:40:26.500,230.28,230.3,554,1379,230.29,1933
2026-09-18 13:40:27.000,230.4,230.41,56,1524,230.4,1580
2026-09-18 13:40:27.500,230.22,230.23,173,1273,230.23,1446
2026-09-18 13:40:28.000,230,230.01,698,1516,230,2214
2026-09-18 13:40:28.500,230.02,230.03,657,1422,230.02,2079
2026-09-18 13:40:29.000,229.74,229.76,320,1266,229.75,1586
2026-09-18 13:40:29.500,229.7,229.72,369,1883,229.71,2252
2026-09-18 13:40:30.000,229.52,229.54,663,1967,229.53,2630
2026-09-18 13:40:30.500,229.38,229.39,239,1220,229.39,1459
2026-09-18 13:40:31.000,229.4,229.42,320,1484,229.41,1804
2026-09-18 13:40:31.500,229.36,229.37,1002,1538,229.36,2540
2026-09-18 13:40:32.000,229.28,229.3,733,1440,229.29,2173
2026-09-18 13:40:32.500,229.08,229.09,20,1997,229.08,2017
2026-09-18 13:40:33.000,229.12,229.13,644,1094,229.12,1738
2026-09-18 13:40:33.500,228.83,228.85,513,1646,228.84,2159
2026-09-18 13:40:34.000,229.06,229.07,310,1127,229.06,1437
2026-09-18 13:40:34.500,229.04,229.05,792,1249,229.04,2041
2026-09-18 13:40:35.000,228.94,228.95,1,1318,228.95,1319
2026-09-18 13:40:35.500,228.76,228.78,761,1242,228.77,2003
2026-09-18 13:40:36.000,228.98,228.99,556,1164,228.98,1720
2026-09-18 13:40:36.500,229.08,229.1,1158,1246,229.09,2404
2026-09-18 13:40:37.000,229.12,229.14,751,1206,229.13,1957
2026-09-18 13:40:37.500,229.16,229.17,465,1029,229.16,1494
2026-09-18 13:40:38.000,229.18,229.2,798,1284,229.19,2082
2026-09-18 13:40:38.500,229.32,229.33,393,1282,229.32,1675
2026-09-18 13:40:39.000,229.12,229.13,583,671,229.12,1254
2026-09-18 13:40:39.500,229.1,229.12,779,1246,229.11,2025
2026-09-18 13:40:40.000,229.12,229.14,690,1093,229.13,1783
2026-09-18 13:40:40.500,229.18,229.2,721,1261,229.19,1982
2026-09-18 13:40:41.000,229.15,229.17,245,1506,229.16,1751
2026-09-18 13:40:41.500,229.2,229.21,563,1057,229.2,1620
2026-09-18 13:40:42.000,229.44,229.45,457,1255,229.45,1712
2026-09-18 13:40:42.500,229.7,229.71,300,1423,229.7,1723
2026-09-18 13:40:43.000,229.76,229.78,721,1713,229.77,2434
2026-09-18 13:40:43.500,229.94,229.95,686,1282,229.95,1968
2026-09-18 13:40:44.000,229.88,229.89,556,1298,229.88,1854
2026-09-18 13:40:44.500,230.02,230.04,681,969,230.03,1650
2026-09-18 13:40:45.000,229.86,229.87,398,1405,229.86,1803
2026-09-18 13:40:45.500,229.96,229.98,622,1314,229.97,1936
2026-09-18 13:40:46.000,229.79,229.81,829,1360,229.8,2189
2026-09-18 13:40:46.500,229.6,229.61,221,896,229.6,1117
2026-09-18 13:40:47.000,229.56,229.58,116,1178,229.57,1294
2026-09-18 13:40:47.500,229.58,229.6,479,1145,229.59,1624
2026-09-18 13:40:48.000,229.74,229.75,541,1297,229.74,1838
2026-09-18 13:40:48.500,229.6,229.61,288,567,229.6,855
2026-09-18 13:40:49.000,229.44,229.45,77,940,229.44,1017
2026-09-18 13:40:49.500,229.49,229.51,630,1599,229.5,2229
2026-09-18 13:40:50.000,229.66,229.67,544,1355,229.66,1899
2026-09-18 13:40:50.500,229.63,229.65,389,1304,229.64,1693
2026-09-18 13:40:51.000,229.56,229.57,521,933,229.56,1454
2026-09-18 13:40:51.500,229.36,229.38,551,1027,229.37,1578
2026-09-18 13:40:52.000,229.32,229.34,636,1360,229.33,1996
2026-09-18 13:40:52.500,229.46,229.48,678,1239,229.47,1917
2026-09-18 13:40:53.000,229.56,229.57,520,1571,229.56,2091
2026-09-18 13:40:53.500,229.28,229.3,475,1804,229.29,2279
2026-09-18 13:40:54.000,229.34,229.35,683,964,229.34,1647
2026-09-18 13:40:54.500,229.42,229.44,504,836,229.43,1340
2026-09-18 13:40:55.000,229.37,229.39,272,961,229.38,1233
2026-09-18 13:40:55.500,229.43,229.45,751,1587,229.44,2338
2026-09-18 13:40:56.000,229.32,229.33,1048,1177,229.32,2225
2026-09-18 13:40:56.500,229.4,229.42,252,1131,229.41,1383
2026-09-18 13:40:57.000,229.55,229.57,259,880,229.56,1139
2026-09-18 13:40:57.500,229.34,229.35,855,1287,229.34,2142
2026-09-18 13:40:58.000,229.44,229.45,580,1201,229.44,1781
2026-09-18 13:40:58.500,229.62,229.63,895,1118,229.62,2013
2026-09-18 13:40:59.000,229.58,229.6,433,1143,229.59,1576
2026-09-18 13:40:59.500,229.5,229.51,669,1244,229.5,1913
2026-09-18 13:41:00.000,229.64,229.66,914,1533,229.65,2447
2026-09-18 13:41:00.500,229.7,229.71,527,1104,229.7,1631
2026-09-18 13:41:01.000,229.8,229.82,619,1528,229.81,2147
2026-09-18 13:41:01.500,229.9,229.92,650,1155,229.91,1805
2026-09-18 13:41:02.000,229.74,229.76,730,1425,229.75,2155
2026-09-18 13:41:02.500,229.84,229.86,216,1646,229.85,1862
2026-09-18 13:41:03.000,230.16,230.17,1,1286,230.16,1287
2026-09-18 13:41:03.500,230.24,230.26,116,1723,230.25,1839
2026-09-18 13:41:04.000,230.06,230.08,624,1724,230.07,2348
2026-09-18 13:41:04.500,230.04,230.05,595,1199,230.04,1794
2026-09-18 13:41:05.000,229.91,229.93,756,1289,229.92,2045
2026-09-18 13:41:05.500,229.92,229.94,267,550,229.93,817
2026-09-18 13:41:06.000,229.64,229.65,174,1290,229.64,1464
2026-09-18 13:41:06.500,229.32,229.34,628,1205,229.33,1833
2026-09-18 13:41:07.000,229.57,229.59,466,853,229.58,1319
2026-09-18 13:41:07.500,229.34,229.35,678,894,229.34,1572
2026-09-18 13:41:08.000,229.22,229.23,172,1435,229.22,1607
2026-09-18 13:41:08.500,229.11,229.13,256,1214,229.12,1470
2026-09-18 13:41:09.000,229.12,229.13,47,788,229.12,835
2026-09-18 13:41:09.500,229.05,229.07,573,1514,229.06,2087
2026-09-18 13:41:10.000,229.02,229.03,790,1120,229.02,1910
2026-09-18 13:41:10.500,228.84,228.86,535,1231,228.85,1766
2026-09-18 13:41:11.000,228.64,228.66,535,1586,228.65,2121
2026-09-18 13:41:11.500,228.92,228.94,849,1093,228.93,1942
2026-09-18 13:41:12.000,229.08,229.1,454,741,229.09,1195
2026-09-18 13:41:12.500,228.97,228.99,959,1148,228.98,2107
2026-09-18 13:41:13.000,229.02,229.04,789,1576,229.03,2365
2026-09-18 13:41:13.500,228.92,228.94,177,1514,228.93,1691
2026-09-18 13:41:14.000,228.99,229.01,617,1565,229,2182
2026-09-18 13:41:14.500,228.94,228.95,927,1863,228.94,2790
2026-09-18 13:41:15.000,228.94,228.95,480,1354,228.94,1834
2026-09-18 13:41:15.500,228.88,228.89,697,942,228.88,1639
2026-09-18 13:41:16.000,228.9,228.92,584,1627,228.91,2211
2026-09-18 13:41:16.500,228.92,228.94,715,1415,228.93,2130
2026-09-18 13:41:17.000,228.92,228.94,133,1391,228.93,1524
2026-09-18 13:41:17.500,228.88,228.89,282,1778,228.89,2060
2026-09-18 13:41:18.000,228.66,228.67,486,1291,228.66,1777
2026-09-18 13:41:18.500,228.68,228.69,75,1334,228.68,1409
2026-09-18 13:41:19.000,228.66,228.67,745,1269,228.67,2014
2026-09-18 13:41:19.500,228.78,228.79,571,1062,228.78,1633
2026-09-18 13:41:20.000,228.84,228.85,1145,573,228.84,1718
2026-09-18 13:41:20.500,228.73,228.75,1,1304,228.74,1305
2026-09-18 13:41:21.000,228.78,228.8,858,907,228.79,1765
2026-09-18 13:41:21.500,228.54,228.55,770,1493,228.54,2263
2026-09-18 13:41:22.000,228.64,228.65,771,877,228.64,1648
2026-09-18 13:41:22.500,228.43,228.45,788,1374,228.44,2162
2026-09-18 13:41:23.000,228.38,228.39,322,1429,228.38,1751
2026-09-18 13:41:23.500,228.64,228.66,497,1635,228.65,2132
2026-09-18 13:41:24.000,228.64,228.65,515,1347,228.64,1862
2026-09-18 13:41:24.500,228.64,228.66,421,1628,228.65,2049
2026-09-18 13:41:25.000,228.72,228.73,201,880,228.73,1081
2026-09-18 13:41:25.500,228.94,228.95,609,991,228.94,1600
2026-09-18 13:41:26.000,228.92,228.93,313,1030,228.92,1343
2026-09-18 13:41:26.500,229.1,229.12,381,798,229.11,1179
2026-09-18 13:41:27.000,229.2,229.22,828,1425,229.21,2253
2026-09-18 13:41:27.500,229.12,229.14,476,1226,229.13,1702
2026-09-18 13:41:28.000,229.04,229.06,510,1592,229.05,2102
2026-09-18 13:41:28.500,229.18,229.19,229,1310,229.18,1539
2026-09-18 13:41:29.000,229.28,229.29,418,1127,229.28,1545
2026-09-18 13:41:29.500,229.34,229.36,469,989,229.35,1458
2026-09-18 13:41:30.000,229.5,229.51,437,1516,229.5,1953
2026-09-18 13:41:30.500,229.64,229.66,72,949,229.65,1021
2026-09-18 13:41:31.000,229.6,229.62,707,1309,229.61,2016
2026-09-18 13:41:31.500,229.53,229.55,744,1152,229.54,1896
2026-09-18 13:41:32.000,229.42,229.44,624,1206,229.43,1830
2026-09-18 13:41:32.500,229.5,229.51,471,754,229.51,1225
2026-09-18 13:41:33.000,229.46,229.47,937,1437,229.46,2374
2026-09-18 13:41:33.500,229.52,229.54,94,782,229.53,876
2026-09-18 13:41:34.000,229.66,229.68,713,1412,229.67,2125
2026-09-18 13:41:34.500,229.68,229.7,328,1191,229.69,1519
2026-09-18 13:41:35.000,229.86,229.88,408,1073,229.87,1481
2026-09-18 13:41:35.500,229.88,229.89,479,1330,229.88,1809
2026-09-18 13:41:36.000,229.5,229.51,1,896,229.5,897
2026-09-18 13:41:36.500,229.35,229.37,929,1486,229.36,2415
2026-09-18 13:41:37.000,229.42,229.44,556,1599,229.43,2155
2026-09-18 13:41:37.500,229.52,229.54,1,1305,229.53,1306
2026-09-18 13:41:38.000,229.54,229.55,249,1904,229.54,2153
2026-09-18 13:41:38.500,229.52,229.54,786,1530,229.53,2316
2026-09-18 13:41:39.000,229.52,229.54,1114,1126,229.53,2240
2026-09-18 13:41:39.500,229.52,229.54,97,1255,229.53,1352
2026-09-18 13:41:40.000,229.62,229.63,464,1085,229.62,1549
2026-09-18 13:41:40.500,229.66,229.67,342,1173,229.67,1515
2026-09-18 13:41:41.000,229.79,229.81,589,1255,229.8,1844
2026-09-18 13:41:41.500,229.92,229.93,1051,1283,229.92,2334
2026-09-18 13:41:42.000,229.72,229.74,523,1047,229.73,1570
2026-09-18 13:41:42.500,229.72,229.73,167,1250,229.72,1417
2026-09-18 13:41:43.000,229.62,229.64,587,1478,229.63,2065
2026-09-18 13:41:43.500,229.54,229.55,291,945,229.54,1236
2026-09-18 13:41:44.000,229.39,229.41,619,1309,229.4,1928
2026-09-18 13:41:44.500,229.42,229.44,483,985,229.43,1468
2026-09-18 13:41:45.000,229.58,229.59,94,759,229.58,853
2026-09-18 13:41:45.500,229.68,229.69,398,1160,229.68,1558
2026-09-18 13:41:46.000,229.77,229.79,1119,694,229.78,1813
2026-09-18 13:41:46.500,229.64,229.66,519,1481,229.65,2000
2026-09-18 13:41:47.000,229.36,229.38,217,979,229.37,1196
2026-09-18 13:41:47.500,229.5,229.51,99,953,229.51,1052
2026-09-18 13:41:48.000,229.6,229.62,215,1600,229.61,1815
2026-09-18 13:41:48.500,229.56,229.58,778,1085,229.57,1863
2026-09-18 13:41:49.000,229.47,229.49,327,1768,229.48,2095
2026-09-18 13:41:49.500,229.56,229.57,628,1182,229.56,1810
2026-09-18 13:41:50.000,229.29,229.31,972,1236,229.3,2208
2026-09-18 13:41:50.500,229.32,229.34,72,1647,229.33,1719
2026-09-18 13:41:51.000,229.58,229.6,167,1570,229.59,1737
2026-09-18 13:41:51.500,229.56,229.58,755,1115,229.57,1870
2026-09-18 13:41:52.000,229.46,229.48,366,1512,229.47,1878
2026-09-18 13:41:52.500,229.57,229.59,768,1664,229.58,2432
2026-09-18 13:41:53.000,229.32,229.34,672,1644,229.33,2316
2026-09-18 13:41:53.500,229.4,229.42,329,708,229.41,1037
2026-09-18 13:41:54.000,229.56,229.58,786,727,229.57,1513
2026-09-18 13:41:54.500,229.46,229.48,178,608,229.47,786
2026-09-18 13:41:55.000,229.27,229.29,249,1033,229.28,1282
2026-09-18 13:41:55.500,229.38,229.39,183,1195,229.39,1378
2026-09-18 13:41:56.000,229.39,229.41,558,1107,229.4,1665
2026-09-18 13:41:56.500,229.16,229.17,785,1310,229.16,2095
2026-09-18 13:41:57.000,229.32,229.33,733,1407,229.32,2140
2026-09-18 13:41:57.500,229.32,229.34,313,1212,229.33,1525
2026-09-18 13:41:58.000,229.44,229.45,525,927,229.45,1452
2026-09-18 13:41:58.500,229.72,229.73,900,1396,229.72,2296
2026-09-18 13:41:59.000,229.66,229.67,623,1111,229.67,1734
2026-09-18 13:41:59.500,229.7,229.71,736,772,229.7,1508
2026-09-18 13:42:00.000,229.82,229.84,310,1557,229.83,1867
2026-09-18 13:42:00.500,229.78,229.79,310,1284,229.78,1594
2026-09-18 13:42:01.000,229.8,229.82,642,1620,229.81,2262
2026-09-18 13:42:01.500,229.78,229.79,585,834,229.78,1419
2026-09-18 13:42:02.000,229.79,229.81,554,985,229.8,1539
2026-09-18 13:42:02.500,229.68,229.69,424,1247,229.68,1671
2026-09-18 13:42:03.000,229.58,229.59,318,1145,229.58,1463
2026-09-18 13:42:03.500,229.66,229.67,326,805,229.67,1131
2026-09-18 13:42:04.000,229.64,229.66,384,1014,229.65,1398
2026-09-18 13:42:04.500,229.48,229.5,98,1425,229.49,1523
2026-09-18 13:42:05.000,229.48,229.49,761,1384,229.48,2145
2026-09-18 13:42:05.500,229.26,229.28,371,1321,229.27,1692
2026-09-18 13:42:06.000,229.22,229.23,766,1481,229.23,2247
2026-09-18 13:42:06.500,228.88,228.89,367,1582,228.88,1949
2026-09-18 13:42:07.000,228.88,228.89,354,975,228.89,1329
2026-09-18 13:42:07.500,228.76,228.78,248,1453,228.77,1701
2026-09-18 13:42:08.000,228.68,228.7,621,803,228.69,1424
2026-09-18 13:42:08.500,228.64,228.66,1534,931,228.65,2465
2026-09-18 13:42:09.000,228.82,228.83,710,1115,228.82,1825
2026-09-18 13:42:09.500,228.72,228.73,1,914,228.72,915
2026-09-18 13:42:10.000,228.69,228.71,320,1242,228.7,1562
2026-09-18 13:42:10.500,228.72,228.73,233,1413,228.73,1646
2026-09-18 13:42:11.000,228.6,228.62,785,1036,228.61,1821
2026-09-18 13:42:11.500,228.64,228.66,605,1012,228.65,1617
2026-09-18 13:42:12.000,228.6,228.62,503,817,228.61,1320
2026-09-18 13:42:12.500,228.52,228.54,959,518,228.53,1477
2026-09-18 13:42:13.000,228.68,228.69,760,1413,228.68,2173
2026-09-18 13:42:13.500,228.78,228.8,1163,851,228.79,2014
2026-09-18 13:42:14.000,228.84,228.86,102,1796,228.85,1898
2026-09-18 13:42:14.500,228.64,228.66,1120,1279,228.65,2399
2026-09-18 13:42:15.000,228.8,228.81,831,870,228.8,1701
2026-09-18 13:42:15.500,228.64,228.66,442,1142,228.65,1584
2026-09-18 13:42:16.000,228.72,228.73,345,1555,228.73,1900
2026-09-18 13:42:16.500,228.81,228.83,571,1509,228.82,2080
2026-09-18 13:42:17.000,228.86,228.88,886,1157,228.87,2043
2026-09-18 13:42:17.500,229,229.01,378,1340,229.01,1718
2026-09-18 13:42:18.000,228.88,228.89,356,971,228.89,1327
2026-09-18 13:42:18.500,228.86,228.87,979,1265,228.86,2244
2026-09-18 13:42:19.000,228.7,228.71,369,827,228.7,1196
2026-09-18 13:42:19.500,228.64,228.65,44,1036,228.64,1080
2026-09-18 13:42:20.000,228.62,228.64,200,817,228.63,1017
2026-09-18 13:42:20.500,228.3,228.32,408,1280,228.31,1688
2026-09-18 13:42:21.000,228.26,228.27,931,1318,228.26,2249
2026-09-18 13:42:21.500,228.19,228.21,899,976,228.2,1875
2026-09-18 13:42:22.000,228.22,228.23,708,1001,228.22,1709
2026-09-18 13:42:22.500,228.36,228.37,476,685,228.36,1161
2026-09-18 13:42:23.000,228.18,228.2,524,1434,228.19,1958
2026-09-18 13:42:23.500,228.32,228.34,668,1026,228.33,1694
2026-09-18 13:42:24.000,228.51,228.53,541,834,228.52,1375
2026-09-18 13:42:24.500,228.52,228.54,849,1645,228.53,2494
2026-09-18 13:42:25.000,228.95,228.97,760,1399,228.96,2159
2026-09-18 13:42:25.500,228.74,228.75,761,1253,228.74,2014
2026-09-18 13:42:26.000,228.72,228.73,800,1047,228.73,1847
2026-09-18 13:42:26.500,228.5,228.51,609,1124,228.5,1733
2026-09-18 13:42:27.000,228.79,228.81,601,1279,228.8,1880
2026-09-18 13:42:27.500,228.8,228.81,370,973,228.8,1343
2026-09-18 13:42:28.000,229.06,229.07,1,1871,229.06,1872
2026-09-18 13:42:28.500,228.94,228.95,1037,1113,228.95,2150
2026-09-18 13:42:29.000,229.06,229.07,728,1441,229.06,2169
2026-09-18 13:42:29.500,229.02,229.04,318,1956,229.03,2274
2026-09-18 13:42:30.000,228.88,228.89,481,1264,228.89,1745
2026-09-18 13:42:30.500,228.94,228.95,768,1529,228.95,2297
2026-09-18 13:42:31.000,229.02,229.04,70,1504,229.03,1574
2026-09-18 13:42:31.500,228.86,228.87,421,1141,228.86,1562
2026-09-18 13:42:32.000,228.78,228.79,577,1548,228.78,2125
2026-09-18 13:42:32.500,228.84,228.85,607,627,228.84,1234
2026-09-18 13:42:33.000,228.9,228.91,851,1089,228.9,1940
2026-09-18 13:42:33.500,229.02,229.03,772,1196,229.02,1968
2026-09-18 13:42:34.000,229.02,229.03,1178,1122,229.02,2300
2026-09-18 13:42:34.500,229.09,229.11,341,675,229.1,1016
2026-09-18 13:42:35.000,229.08,229.1,821,998,229.09,1819
2026-09-18 13:42:35.500,228.92,228.93,351,1346,228.92,1697
2026-09-18 13:42:36.000,228.85,228.87,671,1125,228.86,1796
2026-09-18 13:42:36.500,228.62,228.63,184,826,228.62,1010
2026-09-18 13:42:37.000,228.31,228.33,795,1519,228.32,2314
2026-09-18 13:42:37.500,228.22,228.24,864,2043,228.23,2907
2026-09-18 13:42:38.000,228.26,228.27,236,1308,228.26,1544
2026-09-18 13:42:38.500,228.08,228.1,357,1255,228.09,1612
2026-09-18 13:42:39.000,228,228.01,492,946,228.01,1438
2026-09-18 13:42:39.500,227.98,227.99,421,910,227.98,1331
2026-09-18 13:42:40.000,228.06,228.08,459,1536,228.07,1995
2026-09-18 13:42:40.500,228.2,228.21,687,1262,228.2,1949
2026-09-18 13:42:41.000,227.94,227.95,387,1311,227.95,1698
2026-09-18 13:42:41.500,227.75,227.77,445,1490,227.76,1935
2026-09-18 13:42:42.000,227.7,227.72,775,869,227.71,1644
2026-09-18 13:42:42.500,227.6,227.61,322,753,227.6,1075
2026-09-18 13:42:43.000,227.48,227.49,486,515,227.48,1001
2026-09-18 13:42:43.500,227.28,227.29,52,1446,227.28,1498
2026-09-18 13:42:44.000,227.2,227.22,547,1097,227.21,1644
2026-09-18 13:42:44.500,227.52,227.53,744,1730,227.52,2474
2026-09-18 13:42:45.000,227.8,227.81,387,1271,227.8,1658
2026-09-18 13:42:45.500,227.86,227.87,152,722,227.86,874
2026-09-18 13:42:46.000,228.03,228.05,268,585,228.04,853
2026-09-18 13:42:46.500,228.2,228.22,835,1108,228.21,1943
2026-09-18 13:42:47.000,228.62,228.63,331,1114,228.62,1445
2026-09-18 13:42:47.500,228.58,228.6,691,1024,228.59,1715
2026-09-18 13:42:48.000,228.48,228.49,429,1306,228.48,1735
2026-09-18 13:42:48.500,228.32,228.34,830,916,228.33,1746
2026-09-18 13:42:49.000,228.32,228.34,591,1307,228.33,1898
2026-09-18 13:42:49.500,228.42,228.44,564,752,228.43,1316
2026-09-18 13:42:50.000,228.42,228.44,211,1369,228.43,1580
2026-09-18 13:42:50.500,228.42,228.43,488,1010,228.42,1498
2026-09-18 13:42:51.000,228.62,228.64,70,1526,228.63,1596
2026-09-18 13:42:51.500,228.48,228.5,822,1673,228.49,2495
2026-09-18 13:42:52.000,228.16,228.17,617,1553,228.17,2170
2026-09-18 13:42:52.500,228.4,228.42,445,592,228.41,1037
2026-09-18 13:42:53.000,228.58,228.6,579,1336,228.59,1915
2026-09-18 13:42:53.500,228.82,228.83,513,1200,228.82,1713
2026-09-18 13:42:54.000,228.82,228.83,656,755,228.82,1411
2026-09-18 13:42:54.500,228.72,228.74,372,1376,228.73,1748
2026-09-18 13:42:55.000,228.68,228.7,953,1183,228.69,2136
2026-09-18 13:42:55.500,228.68,228.7,780,1200,228.69,1980
2026-09-18 13:42:56.000,228.74,228.76,459,1482,228.75,1941
2026-09-18 13:42:56.500,228.77,228.79,259,1312,228.78,1571
2026-09-18 13:42:57.000,228.58,228.59,600,796,228.58,1396
2026-09-18 13:42:57.500,228.7,228.71,146,1600,228.7,1746
2026-09-18 13:42:58.000,228.36,228.38,86,998,228.37,1084
2026-09-18 13:42:58.500,228.3,228.31,521,1524,228.3,2045
2026-09-18 13:42:59.000,228.66,228.67,754,807,228.67,1561
2026-09-18 13:42:59.500,228.7,228.72,723,1264,228.71,1987
2026-09-18 13:43:00.000,228.54,228.56,601,1251,228.55,1852
2026-09-18 13:43:00.500,228.42,228.43,711,1182,228.42,1893
2026-09-18 13:43:01.000,228.44,228.45,183,1300,228.45,1483
2026-09-18 13:43:01.500,228.38,228.4,533,679,228.39,1212
2026-09-18 13:43:02.000,228.22,228.23,1,1144,228.23,1145
2026-09-18 13:43:02.500,228.32,228.33,458,1468,228.32,1926
2026-09-18 13:43:03.000,228.3,228.31,800,1349,228.3,2149
2026-09-18 13:43:03.500,228.16,228.17,487,1017,228.17,1504
2026-09-18 13:43:04.000,228.12,228.14,456,1283,228.13,1739
2026-09-18 13:43:04.500,228.3,228.32,794,1208,228.31,2002
2026-09-18 13:43:05.000,228.48,228.5,389,1189,228.49,1578
2026-09-18 13:43:05.500,228.38,228.39,435,1097,228.38,1532
2026-09-18 13:43:06.000,228.26,228.28,666,777,228.27,1443
2026-09-18 13:43:06.500,228.02,228.04,151,1316,228.03,1467
2026-09-18 13:43:07.000,228.04,228.06,469,1248,228.05,1717
2026-09-18 13:43:07.500,227.92,227.94,391,1555,227.93,1946
2026-09-18 13:43:08.000,228.06,228.07,454,1107,228.06,1561
2026-09-18 13:43:08.500,228.19,228.21,821,1197,228.2,2018
2026-09-18 13:43:09.000,228.04,228.05,403,630,228.04,1033
2026-09-18 13:43:09.500,228.14,228.16,168,1121,228.15,1289
2026-09-18 13:43:10.000,228.26,228.28,801,947,228.27,1748
2026-09-18 13:43:10.500,228.16,228.17,455,893,228.16,1348
2026-09-18 13:43:11.000,228.27,228.29,388,1306,228.28,1694
2026-09-18 13:43:11.500,228.13,228.15,504,1231,228.14,1735
2026-09-18 13:43:12.000,227.98,228,276,1397,227.99,1673
2026-09-18 13:43:12.500,227.92,227.94,762,1410,227.93,2172
2026-09-18 13:43:13.000,227.83,227.85,297,1039,227.84,1336
2026-09-18 13:43:13.500,228,228.01,488,1037,228.01,1525
2026-09-18 13:43:14.000,227.9,227.91,727,1088,227.9,1815
2026-09-18 13:43:14.500,227.9,227.91,139,861,227.9,1000
2026-09-18 13:43:15.000,227.98,227.99,416,680,227.98,1096
2026-09-18 13:43:15.500,227.96,227.98,229,1149,227.97,1378
2026-09-18 13:43:16.000,227.94,227.95,328,1154,227.94,1482
2026-09-18 13:43:16.500,228.18,228.2,830,850,228.19,1680
2026-09-18 13:43:17.000,228.2,228.21,374,1011,228.2,1385
2026-09-18 13:43:17.500,228.36,228.37,351,1641,228.36,1992
2026-09-18 13:43:18.000,228.44,228.45,326,909,228.45,1235
2026-09-18 13:43:18.500,228.4,228.41,500,1340,228.4,1840
2026-09-18 13:43:19.000,228.48,228.5,158,1136,228.49,1294
2026-09-18 13:43:19.500,228.44,228.45,274,1532,228.45,1806
2026-09-18 13:43:20.000,228.54,228.55,763,1272,228.54,2035
2026-09-18 13:43:20.500,228.62,228.63,238,1291,228.62,1529
2026-09-18 13:43:21.000,228.64,228.66,689,1198,228.65,1887
2026-09-18 13:43:21.500,228.72,228.73,630,1603,228.72,2233
2026-09-18 13:43:22.000,228.62,228.63,754,1456,228.62,2210
2026-09-18 13:43:22.500,228.48,228.5,1,941,228.49,942
2026-09-18 13:43:23.000,228.28,228.3,25,897,228.29,922
2026-09-18 13:43:23.500,228.48,228.5,659,1093,228.49,1752
2026-09-18 13:43:24.000,228.63,228.65,349,1215,228.64,1564
2026-09-18 13:43:24.500,228.74,228.76,483,1297,228.75,1780
2026-09-18 13:43:25.000,228.6,228.61,527,1112,228.6,1639
2026-09-18 13:43:25.500,228.86,228.88,596,1340,228.87,1936
2026-09-18 13:43:26.000,228.86,228.87,421,1433,228.86,1854
2026-09-18 13:43:26.500,228.89,228.91,575,1076,228.9,1651
2026-09-18 13:43:27.000,228.74,228.75,647,882,228.74,1529
2026-09-18 13:43:27.500,228.54,228.56,638,1212,228.55,1850
2026-09-18 13:43:28.000,228.72,228.73,757,1238,228.73,1995
2026-09-18 13:43:28.500,228.84,228.86,631,1375,228.85,2006
2026-09-18 13:43:29.000,228.82,228.84,323,1487,228.83,1810
2026-09-18 13:43:29.500,228.64,228.66,567,1667,228.65,2234
2026-09-18 13:43:30.000,228.78,228.79,482,1295,228.78,1777
2026-09-18 13:43:30.500,228.88,228.89,401,1145,228.88,1546
2026-09-18 13:43:31.000,229.16,229.17,1,1042,229.17,1043
2026-09-18 13:43:31.500,228.92,228.94,461,1390,228.93,1851
2026-09-18 13:43:32.000,228.9,228.91,833,1542,228.9,2375
2026-09-18 13:43:32.500,229.06,229.08,323,1392,229.07,1715
2026-09-18 13:43:33.000,229.34,229.36,433,1259,229.35,1692
2026-09-18 13:43:33.500,229.45,229.47,632,1407,229.46,2039
2026-09-18 13:43:34.000,229.41,229.43,473,1073,229.42,1546
2026-09-18 13:43:34.500,229.56,229.58,80,602,229.57,682
2026-09-18 13:43:35.000,229.4,229.42,943,878,229.41,1821
2026-09-18 13:43:35.500,229.24,229.25,480,1850,229.24,2330
2026-09-18 13:43:36.000,229.31,229.33,518,882,229.32,1400
2026-09-18 13:43:36.500,229.06,229.07,456,1178,229.06,1634
2026-09-18 13:43:37.000,229.12,229.14,1037,1210,229.13,2247
2026-09-18 13:43:37.500,229.08,229.1,50,1244,229.09,1294
2026-09-18 13:43:38.000,228.98,229,720,1196,228.99,1916
2026-09-18 13:43:38.500,228.84,228.86,830,1645,228.85,2475
2026-09-18 13:43:39.000,229.03,229.05,25,993,229.04,1018
2026-09-18 13:43:39.500,228.97,228.99,517,557,228.98,1074
2026-09-18 13:43:40.000,228.83,228.85,363,1087,228.84,1450
2026-09-18 13:43:40.500,228.8,228.82,370,1190,228.81,1560
2026-09-18 13:43:41.000,228.64,228.66,220,863,228.65,1083
2026-09-18 13:43:41.500,228.31,228.33,583,864,228.32,1447
2026-09-18 13:43:42.000,228.26,228.27,526,636,228.26,1162
2026-09-18 13:43:42.500,228.48,228.49,470,988,228.48,1458
2026-09-18 13:43:43.000,228.46,228.48,293,1124,228.47,1417
2026-09-18 13:43:43.500,228.44,228.45,796,1515,228.45,2311
2026-09-18 13:43:44.000,228.36,228.37,294,1085,228.36,1379
2026-09-18 13:43:44.500,228.42,228.44,623,1432,228.43,2055
2026-09-18 13:43:45.000,228.4,228.41,960,1476,228.4,2436
2026-09-18 13:43:45.500,228.48,228.49,317,1042,228.48,1359
2026-09-18 13:43:46.000,228.62,228.63,743,1213,228.62,1956
2026-09-18 13:43:46.500,228.6,228.61,712,1109,228.6,1821
2026-09-18 13:43:47.000,228.46,228.48,774,769,228.47,1543
2026-09-18 13:43:47.500,228.44,228.46,13,1112,228.45,1125
2026-09-18 13:43:48.000,228.62,228.64,845,1076,228.63,1921
2026-09-18 13:43:48.500,228.76,228.78,184,1236,228.77,1420
2026-09-18 13:43:49.000,228.72,228.73,299,820,228.72,1119
2026-09-18 13:43:49.500,228.68,228.7,604,1437,228.69,2041
2026-09-18 13:43:50.000,228.44,228.45,354,1078,228.45,1432
2026-09-18 13:43:50.500,228.57,228.59,693,873,228.58,1566
2026-09-18 13:43:51.000,228.36,228.38,324,1271,228.37,1595
2026-09-18 13:43:51.500,228.46,228.47,283,1132,228.46,1415
2026-09-18 13:43:52.000,228.51,228.53,699,820,228.52,1519
2026-09-18 13:43:52.500,228.33,228.35,359,909,228.34,1268
2026-09-18 13:43:53.000,228.16,228.17,621,1560,228.16,2181
2026-09-18 13:43:53.500,228.16,228.18,511,1262,228.17,1773
2026-09-18 13:43:54.000,227.92,227.94,687,969,227.93,1656
2026-09-18 13:43:54.500,227.94,227.95,216,711,227.94,927
2026-09-18 13:43:55.000,227.96,227.97,900,1385,227.96,2285
2026-09-18 13:43:55.500,228.08,228.1,902,1055,228.09,1957
2026-09-18 13:43:56.000,228.02,228.03,781,1189,228.02,1970
2026-09-18 13:43:56.500,227.98,227.99,781,1182,227.98,1963
2026-09-18 13:43:57.000,228,228.01,537,1421,228.01,1958
2026-09-18 13:43:57.500,228,228.01,1286,723,228.01,2009
2026-09-18 13:43:58.000,228.2,228.22,757,505,228.21,1262
2026-09-18 13:43:58.500,227.74,227.76,828,1250,227.75,2078
2026-09-18 13:43:59.000,227.76,227.77,953,685,227.76,1638
2026-09-18 13:43:59.500,227.6,227.61,759,718,227.6,1477
2026-09-18 13:44:00.000,227.54,227.56,443,827,227.55,1270
2026-09-18 13:44:00.500,227.62,227.64,468,1442,227.63,1910
2026-09-18 13:44:01.000,227.6,227.61,1009,1064,227.6,2073
2026-09-18 13:44:01.500,227.68,227.7,634,798,227.69,1432
2026-09-18 13:44:02.000,227.84,227.85,1005,1293,227.84,2298
2026-09-18 13:44:02.500,227.74,227.76,824,1067,227.75,1891
2026-09-18 13:44:03.000,227.78,227.8,403,1170,227.79,1573
2026-09-18 13:44:03.500,227.58,227.6,721,1323,227.59,2044
2026-09-18 13:44:04.000,227.56,227.58,738,1100,227.57,1838
2026-09-18 13:44:04.500,227.44,227.45,942,501,227.45,1443
2026-09-18 13:44:05.000,227.58,227.6,746,1045,227.59,1791
2026-09-18 13:44:05.500,227.42,227.44,482,1234,227.43,1716
2026-09-18 13:44:06.000,227.55,227.57,853,1332,227.56,2185
2026-09-18 13:44:06.500,227.33,227.35,792,1071,227.34,1863
2026-09-18 13:44:07.000,227.48,227.5,642,953,227.49,1595
2026-09-18 13:44:07.500,227.58,227.59,49,1168,227.58,1217
2026-09-18 13:44:08.000,227.58,227.59,645,1067,227.58,1712
2026-09-18 13:44:08.500,227.64,227.65,819,1089,227.64,1908
2026-09-18 13:44:09.000,227.76,227.78,642,934,227.77,1576
2026-09-18 13:44:09.500,227.62,227.63,522,416,227.62,938
2026-09-18 13:44:10.000,227.48,227.49,779,1203,227.48,1982
2026-09-18 13:44:10.500,227.62,227.64,1521,1388,227.63,2909
2026-09-18 13:44:11.000,227.74,227.75,663,651,227.74,1314
2026-09-18 13:44:11.500,227.7,227.72,665,1205,227.71,1870
2026-09-18 13:44:12.000,227.84,227.85,500,1833,227.84,2333
2026-09-18 13:44:12.500,227.92,227.93,1155,379,227.92,1534
2026-09-18 13:44:13.000,227.9,227.91,399,363,227.9,762
2026-09-18 13:44:13.500,228.12,228.14,876,1140,228.13,2016
2026-09-18 13:44:14.000,228.02,228.04,648,1030,228.03,1678
2026-09-18 13:44:14.500,228.06,228.07,910,1237,228.06,2147
2026-09-18 13:44:15.000,228.28,228.3,412,144,228.29,556
2026-09-18 13:44:15.500,228.26,228.28,1058,947,228.27,2005
2026-09-18 13:44:16.000,228.26,228.28,918,1439,228.27,2357
2026-09-18 13:44:16.500,228.26,228.28,725,766,228.27,1491
2026-09-18 13:44:17.000,228.18,228.2,572,818,228.19,1390
2026-09-18 13:44:17.500,228.28,228.29,805,865,228.28,1670
2026-09-18 13:44:18.000,228.28,228.3,889,872,228.29,1761
2026-09-18 13:44:18.500,228.36,228.38,526,652,228.37,1178
2026-09-18 13:44:19.000,228.48,228.49,682,810,228.48,1492
2026-09-18 13:44:19.500,228.44,228.45,623,643,228.44,1266
2026-09-18 13:44:20.000,228.5,228.51,257,562,228.51,819
2026-09-18 13:44:20.500,228.28,228.3,820,451,228.29,1271
2026-09-18 13:44:21.000,228.35,228.37,65,1036,228.36,1101
2026-09-18 13:44:21.500,228.34,228.36,901,1407,228.35,2308
2026-09-18 13:44:22.000,228.56,228.58,491,778,228.57,1269
2026-09-18 13:44:22.500,228.72,228.74,29,813,228.73,842
2026-09-18 13:44:23.000,228.62,228.64,701,900,228.63,1601
2026-09-18 13:44:23.500,228.8,228.81,296,993,228.8,1289
2026-09-18 13:44:24.000,228.74,228.75,744,1205,228.74,1949
2026-09-18 13:44:24.500,228.72,228.73,804,1199,228.72,2003
2026-09-18 13:44:25.000,228.82,228.83,680,1139,228.82,1819
2026-09-18 13:44:25.500,228.94,228.95,647,1394,228.94,2041
2026-09-18 13:44:26.000,228.8,228.81,939,909,228.8,1848
2026-09-18 13:44:26.500,228.7,228.72,601,905,228.71,1506
2026-09-18 13:44:27.000,228.8,228.82,765,788,228.81,1553
2026-09-18 13:44:27.500,228.76,228.77,699,1308,228.76,2007
2026-09-18 13:44:28.000,228.8,228.82,445,691,228.81,1136
2026-09-18 13:44:28.500,228.74,228.76,456,968,228.75,1424
2026-09-18 13:44:29.000,228.8,228.82,559,1276,228.81,1835
2026-09-18 13:44:29.500,228.9,228.92,319,910,228.91,1229
2026-09-18 13:44:30.000,228.72,228.73,474,740,228.73,1214
2026-09-18 13:44:30.500,228.64,228.66,1220,992,228.65,2212
2026-09-18 13:44:31.000,228.67,228.69,465,686,228.68,1151
2026-09-18 13:44:31.500,228.74,228.76,744,998,228.75,1742
2026-09-18 13:44:32.000,228.6,228.61,656,901,228.6,1557
2026-09-18 13:44:32.500,228.73,228.75,895,788,228.74,1683
2026-09-18 13:44:33.000,228.83,228.85,686,1144,228.84,1830
2026-09-18 13:44:33.500,228.81,228.83,1181,1334,228.82,2515
2026-09-18 13:44:34.000,228.82,228.84,517,995,228.83,1512
2026-09-18 13:44:34.500,228.9,228.91,634,463,228.9,1097
2026-09-18 13:44:35.000,228.92,228.93,698,1407,228.92,2105
2026-09-18 13:44:35.500,228.92,228.93,406,1234,228.92,1640
2026-09-18 13:44:36.000,228.74,228.75,852,899,228.74,1751
2026-09-18 13:44:36.500,228.94,228.95,752,1331,228.94,2083
2026-09-18 13:44:37.000,228.96,228.98,739,961,228.97,1700
2026-09-18 13:44:37.500,228.98,228.99,360,347,228.98,707
2026-09-18 13:44:38.000,228.8,228.82,856,648,228.81,1504
2026-09-18 13:44:38.500,228.58,228.6,701,901,228.59,1602
2026-09-18 13:44:39.000,228.72,228.73,642,587,228.73,1229
2026-09-18 13:44:39.500,228.68,228.69,668,909,228.68,1577
2026-09-18 13:44:40.000,228.8,228.82,695,1245,228.81,1940
2026-09-18 13:44:40.500,228.77,228.79,411,1121,228.78,1532
2026-09-18 13:44:41.000,228.87,228.89,673,807,228.88,1480
2026-09-18 13:44:41.500,228.87,228.89,637,1128,228.88,1765
2026-09-18 13:44:42.000,228.66,228.67,912,1073,228.67,1985
2026-09-18 13:44:42.500,228.5,228.51,797,1100,228.5,1897
2026-09-18 13:44:43.000,228.44,228.45,399,1087,228.44,1486
2026-09-18 13:44:43.500,228.4,228.42,951,1181,228.41,2132
2026-09-18 13:44:44.000,228.32,228.34,580,1270,228.33,1850
2026-09-18 13:44:44.500,228.21,228.23,830,854,228.22,1684
2026-09-18 13:44:45.000,228.3,228.32,640,860,228.31,1500
2026-09-18 13:44:45.500,227.94,227.95,339,982,227.94,1321
2026-09-18 13:44:46.000,227.96,227.98,768,1134,227.97,1902
2026-09-18 13:44:46.500,227.92,227.94,1152,850,227.93,2002
2026-09-18 13:44:47.000,227.98,227.99,466,1677,227.98,2143
2026-09-18 13:44:47.500,227.98,227.99,351,1043,227.98,1394
2026-09-18 13:44:48.000,228.12,228.14,501,795,228.13,1296
2026-09-18 13:44:48.500,228.06,228.07,718,1170,228.06,1888
2026-09-18 13:44:49.000,228.14,228.15,22,1359,228.14,1381
2026-09-18 13:44:49.500,228.12,228.13,753,916,228.12,1669
2026-09-18 13:44:50.000,228.29,228.31,698,1303,228.3,2001
2026-09-18 13:44:50.500,227.96,227.98,748,1010,227.97,1758
2026-09-18 13:44:51.000,228.1,228.12,292,494,228.11,786
2026-09-18 13:44:51.500,228.32,228.34,1204,1259,228.33,2463
2026-09-18 13:44:52.000,228.37,228.39,1240,753,228.38,1993
2026-09-18 13:44:52.500,228.22,228.23,50,938,228.23,988
2026-09-18 13:44:53.000,228.28,228.29,864,1436,228.28,2300
2026-09-18 13:44:53.500,228.38,228.39,1110,1123,228.38,2233
2026-09-18 13:44:54.000,228.6,228.61,197,1008,228.6,1205
2026-09-18 13:44:54.500,228.82,228.83,450,1063,228.82,1513
2026-09-18 13:44:55.000,228.76,228.77,840,756,228.76,1596
2026-09-18 13:44:55.500,228.8,228.81,1064,1351,228.8,2415
2026-09-18 13:44:56.000,228.84,228.86,561,927,228.85,1488
2026-09-18 13:44:56.500,228.69,228.71,333,929,228.7,1262
2026-09-18 13:44:57.000,228.64,228.65,1316,748,228.64,2064
2026-09-18 13:44:57.500,228.7,228.72,11,969,228.71,980
2026-09-18 13:44:58.000,228.58,228.59,810,1202,228.58,2012
2026-09-18 13:44:58.500,228.42,228.43,295,906,228.42,1201
2026-09-18 13:44:59.000,228.16,228.17,616,1202,228.17,1818
2026-09-18 13:44:59.500,228.42,228.43,912,964,228.42,1876
