timestamp,bid,ask,bid_vol,ask_vol,last,volume
2026-09-18 09:00:00.000,3451,3453,63,245,3452,308
2026-09-18 09:00:00.500,3450,3451,33,204,3450,237
2026-09-18 09:00:01.000,3450,3452,20,185,3451,205
2026-09-18 09:00:01.500,3450,3451,111,195,3450,306
2026-09-18 09:00:02.000,3449,3451,85,142,3450,227
2026-09-18 09:00:02.500,3450,3451,1,305,3450,306
2026-09-18 09:00:03.000,3448,3450,113,134,3449,247
2026-09-18 09:00:03.500,3446,3448,47,170,3447,217
2026-09-18 09:00:04.000,3448,3449,128,149,3448,277
2026-09-18 09:00:04.500,3450,3452,63,183,3451,246
2026-09-18 09:00:05.000,3451,3453,47,111,3452,158
2026-09-18 09:00:05.500,3452,3454,111,148,3453,259
2026-09-18 09:00:06.000,3450,3451,68,228,3450,296
2026-09-18 09:00:06.500,3449,3451,17,145,3450,162
2026-09-18 09:00:07.000,3452,3453,1,146,3452,147
2026-09-18 09:00:07.500,3450,3451,135,246,3450,381
2026-09-18 09:00:08.000,3450,3451,63,148,3450,211
2026-09-18 09:00:08.500,3447,3449,113,174,3448,287
2026-09-18 09:00:09.000,3444,3445,167,139,3444,306
2026-09-18 09:00:09.500,3441,3443,58,194,3442,252
2026-09-18 09:00:10.000,3442,3443,76,257,3442,333
2026-09-18 09:00:10.500,3439,3441,116,161,3440,277
2026-09-18 09:00:11.000,3440,3441,142,183,3440,325
2026-09-18 09:00:11.500,3438,3440,75,169,3439,244
2026-09-18 09:00:12.000,3437,3439,126,116,3438,242
2026-09-18 09:00:12.500,3438,3440,76,273,3439,349
2026-09-18 09:00:13.000,3440,3441,121,235,3440,356
2026-09-18 09:00:13.500,3438,3440,62,198,3439,260
2026-09-18 09:00:14.000,3438,3440,62,217,3439,279
2026-09-18 09:00:14.500,3440,3441,111,129,3440,240
2026-09-18 09:00:15.000,3440,3441,101,146,3440,247
2026-09-18 09:00:15.500,3439,3441,78,181,3440,259
2026-09-18 09:00:16.000,3438,3440,34,219,3439,253
2026-09-18 09:00:16.500,3436,3438,35,165,3437,200
2026-09-18 09:00:17.000,3438,3439,122,167,3438,289
2026-09-18 09:00:17.500,3440,3441,129,233,3440,362
2026-09-18 09:00:18.000,3438,3439,55,223,3438,278
2026-09-18 09:00:18.500,3440,3441,121,167,3440,288
2026-09-18 09:00:19.000,3442,3444,116,271,3443,387
2026-09-18 09:00:19.500,3440,3442,18,188,3441,206
2026-09-18 09:00:20.000,3438,3439,110,121,3438,231
2026-09-18 09:00:20.500,3438,3440,57,163,3439,220
2026-09-18 09:00:21.000,3436,3438,48,165,3437,213
2026-09-18 09:00:21.500,3436,3437,65,157,3436,222
2026-09-18 09:00:22.000,3434,3435,3,219,3434,222
2026-09-18 09:00:22.500,3432,3433,77,170,3432,247
2026-09-18 09:00:23.000,3431,3433,57,196,3432,253
2026-09-18 09:00:23.500,3430,3432,94,209,3431,303
2026-09-18 09:00:24.000,3428,3429,63,188,3428,251
2026-09-18 09:00:24.500,3428,3430,158,178,3429,336
2026-09-18 09:00:25.000,3428,3430,106,130,3429,236
2026-09-18 09:00:25.500,3428,3430,78,197,3429,275
2026-09-18 09:00:26.000,3428,3430,85,142,3429,227
2026-09-18 09:00:26.500,3430,3431,122,108,3430,230
2026-09-18 09:00:27.000,3429,3431,90,140,3430,230
2026-09-18 09:00:27.500,3430,3432,93,235,3431,328
2026-09-18 09:00:28.000,3430,3432,150,129,3431,279
2026-09-18 09:00:28.500,3430,3431,130,232,3430,362
2026-09-18 09:00:29.000,3430,3432,106,215,3431,321
2026-09-18 09:00:29.500,3431,3433,69,162,3432,231
2026-09-18 09:00:30.000,3430,3432,132,201,3431,333
2026-09-18 09:00:30.500,3430,3431,165,185,3430,350
2026-09-18 09:00:31.000,3430,3432,63,207,3431,270
2026-09-18 09:00:31.500,3432,3433,126,208,3432,334
2026-09-18 09:00:32.000,3434,3435,75,121,3434,196
2026-09-18 09:00:32.500,3434,3436,122,188,3435,310
2026-09-18 09:00:33.000,3432,3434,46,169,3433,215
2026-09-18 09:00:33.500,3432,3434,1,177,3433,178
2026-09-18 09:00:34.000,3431,3433,116,240,3432,356
2026-09-18 09:00:34.500,3432,3434,73,215,3433,288
2026-09-18 09:00:35.000,3432,3434,10,165,3433,175
2026-09-18 09:00:35.500,3434,3435,185,191,3434,376
2026-09-18 09:00:36.000,3433,3435,94,189,3434,283
2026-09-18 09:00:36.500,3434,3436,25,170,3435,195
2026-09-18 09:00:37.000,3436,3437,75,209,3436,284
2026-09-18 09:00:37.500,3436,3438,91,117,3437,208
2026-09-18 09:00:38.000,3436,3438,54,167,3437,221
2026-09-18 09:00:38.500,3434,3436,137,131,3435,268
2026-09-18 09:00:39.000,3434,3436,88,86,3435,174
2026-09-18 09:00:39.500,3436,3438,68,165,3437,233
2026-09-18 09:00:40.000,3436,3438,91,213,3437,304
2026-09-18 09:00:40.500,3434,3436,12,169,3435,181
2026-09-18 09:00:41.000,3436,3438,109,179,3437,288
2026-09-18 09:00:41.500,3436,3438,57,177,3437,234
2026-09-18 09:00:42.000,3436,3438,1,131,3437,132
2026-09-18 09:00:42.500,3438,3440,67,260,3439,327
2026-09-18 09:00:43.000,3438,3439,114,212,3438,326
2026-09-18 09:00:43.500,3434,3436,71,201,3435,272
2026-09-18 09:00:44.000,3434,3435,107,114,3434,221
2026-09-18 09:00:44.500,3436,3437,71,184,3436,255
2026-09-18 09:00:45.000,3436,3438,112,172,3437,284
2026-09-18 09:00:45.500,3438,3440,123,149,3439,272
2026-09-18 09:00:46.000,3440,3441,28,218,3440,246
2026-09-18 09:00:46.500,3440,3442,156,164,3441,320
2026-09-18 09:00:47.000,3438,3440,1,204,3439,205
2026-09-18 09:00:47.500,3440,3441,55,242,3440,297
2026-09-18 09:00:48.000,3438,3440,58,168,3439,226
2026-09-18 09:00:48.500,3440,3441,1,252,3440,253
2026-09-18 09:00:49.000,3438,3439,22,215,3438,237
2026-09-18 09:00:49.500,3437,3439,95,93,3438,188
2026-09-18 09:00:50.000,3436,3437,65,169,3436,234
2026-09-18 09:00:50.500,3436,3437,127,220,3436,347
2026-09-18 09:00:51.000,3435,3437,12,211,3436,223
2026-09-18 09:00:51.500,3436,3437,55,160,3436,215
2026-09-18 09:00:52.000,3436,3438,104,187,3437,291
2026-09-18 09:00:52.500,3436,3437,74,198,3436,272
2026-09-18 09:00:53.000,3434,3436,89,179,3435,268
2026-09-18 09:00:53.500,3435,3437,114,159,3436,273
2026-09-18 09:00:54.000,3438,3440,129,184,3439,313
2026-09-18 09:00:54.500,3438,3439,103,217,3438,320
2026-09-18 09:00:55.000,3436,3438,67,151,3437,218
2026-09-18 09:00:55.500,3436,3437,96,222,3436,318
2026-09-18 09:00:56.000,3437,3439,10,131,3438,141
2026-09-18 09:00:56.500,3440,3441,91,222,3440,313
2026-09-18 09:00:57.000,3438,3439,53,168,3438,221
2026-09-18 09:00:57.500,3438,3439,103,154,3438,257
2026-09-18 09:00:58.000,3436,3438,72,223,3437,295
2026-09-18 09:00:58.500,3438,3440,28,151,3439,179
2026-09-18 09:00:59.000,3436,3438,112,162,3437,274
2026-09-18 09:00:59.500,3437,3439,18,180,3438,198
2026-09-18 09:01:00.000,3435,3437,21,134,3436,155
2026-09-18 09:01:00.500,3436,3437,120,194,3436,314
2026-09-18 09:01:01.000,3436,3437,110,216,3436,326
2026-09-18 09:01:01.500,3436,3438,118,113,3437,231
2026-09-18 09:01:02.000,3438,3439,42,181,3438,223
2026-09-18 09:01:02.500,3436,3437,116,165,3436,281
2026-09-18 09:01:03.000,3436,3438,8,149,3437,157
2026-09-18 09:01:03.500,3436,3437,108,245,3436,353
2026-09-18 09:01:04.000,3435,3437,78,205,3436,283
2026-09-18 09:01:04.500,3436,3437,76,161,3436,237
2026-09-18 09:01:05.000,3434,3436,106,185,3435,291
2026-09-18 09:01:05.500,3434,3436,132,193,3435,325
2026-09-18 09:01:06.000,3433,3435,78,117,3434,195
2026-09-18 09:01:06.500,3434,3435,61,222,3434,283
2026-09-18 09:01:07.000,3432,3434,84,164,3433,248
2026-09-18 09:01:07.500,3432,3433,28,238,3432,266
2026-09-18 09:01:08.000,3430,3432,89,174,3431,263
2026-09-18 09:01:08.500,3430,3431,114,101,3430,215
2026-09-18 09:01:09.000,3428,3430,21,97,3429,118
2026-09-18 09:01:09.500,3428,3430,20,123,3429,143
2026-09-18 09:01:10.000,3430,3431,72,157,3430,229
2026-09-18 09:01:10.500,3428,3430,11,150,3429,161
2026-09-18 09:01:11.000,3428,3430,1,95,3429,96
2026-09-18 09:01:11.500,3428,3430,185,125,3429,310
2026-09-18 09:01:12.000,3430,3431,86,192,3430,278
2026-09-18 09:01:12.500,3428,3430,128,123,3429,251
2026-09-18 09:01:13.000,3428,3430,59,203,3429,262
2026-09-18 09:01:13.500,3428,3429,15,164,3428,179
2026-09-18 09:01:14.000,3428,3430,134,191,3429,325
2026-09-18 09:01:14.500,3428,3430,98,126,3429,224
2026-09-18 09:01:15.000,3430,3431,1,154,3430,155
2026-09-18 09:01:15.500,3432,3433,144,163,3432,307
2026-09-18 09:01:16.000,3432,3434,99,179,3433,278
2026-09-18 09:01:16.500,3430,3432,14,113,3431,127
2026-09-18 09:01:17.000,3432,3433,71,192,3432,263
2026-09-18 09:01:17.500,3430,3432,6,228,3431,234
2026-09-18 09:01:18.000,3432,3433,121,215,3432,336
2026-09-18 09:01:18.500,3432,3434,56,105,3433,161
2026-09-18 09:01:19.000,3432,3433,90,191,3432,281
2026-09-18 09:01:19.500,3432,3433,106,255,3432,361
2026-09-18 09:01:20.000,3432,3433,143,142,3432,285
2026-09-18 09:01:20.500,3432,3434,72,132,3433,204
2026-09-18 09:01:21.000,3432,3434,103,171,3433,274
2026-09-18 09:01:21.500,3428,3430,1,188,3429,189
2026-09-18 09:01:22.000,3428,3430,108,140,3429,248
2026-09-18 09:01:22.500,3430,3432,102,197,3431,299
2026-09-18 09:01:23.000,3427,3429,117,131,3428,248
2026-09-18 09:01:23.500,3428,3430,128,142,3429,270
2026-09-18 09:01:24.000,3428,3430,149,132,3429,281
2026-09-18 09:01:24.500,3428,3430,7,274,3429,281
2026-09-18 09:01:25.000,3428,3430,95,152,3429,247
2026-09-18 09:01:25.500,3430,3431,143,198,3430,341
2026-09-18 09:01:26.000,3427,3429,55,220,3428,275
2026-09-18 09:01:26.500,3428,3430,103,103,3429,206
2026-09-18 09:01:27.000,3430,3432,55,189,3431,244
2026-09-18 09:01:27.500,3430,3432,62,184,3431,246
2026-09-18 09:01:28.000,3431,3433,9,138,3432,147
2026-09-18 09:01:28.500,3430,3432,77,187,3431,264
2026-09-18 09:01:29.000,3429,3431,97,191,3430,288
2026-09-18 09:01:29.500,3429,3431,82,127,3430,209
2026-09-18 09:01:30.000,3430,3431,1,239,3430,240
2026-09-18 09:01:30.500,3432,3434,71,132,3433,203
2026-09-18 09:01:31.000,3432,3434,112,173,3433,285
2026-09-18 09:01:31.500,3432,3434,92,203,3433,295
2026-09-18 09:01:32.000,3434,3435,112,130,3434,242
2026-09-18 09:01:32.500,3434,3435,74,127,3434,201
2026-09-18 09:01:33.000,3433,3435,47,150,3434,197
2026-09-18 09:01:33.500,3435,3437,47,159,3436,206
2026-09-18 09:01:34.000,3436,3437,62,108,3436,170
2026-09-18 09:01:34.500,3434,3436,37,162,3435,199
2026-09-18 09:01:35.000,3435,3437,10,79,3436,89
2026-09-18 09:01:35.500,3438,3439,147,200,3438,347
2026-09-18 09:01:36.000,3438,3440,110,175,3439,285
2026-09-18 09:01:36.500,3442,3443,65,121,3442,186
2026-09-18 09:01:37.000,3442,3443,61,158,3442,219
2026-09-18 09:01:37.500,3439,3441,127,167,3440,294
2026-09-18 09:01:38.000,3442,3443,62,254,3442,316
2026-09-18 09:01:38.500,3440,3442,53,139,3441,192
2026-09-18 09:01:39.000,3440,3442,105,188,3441,293
2026-09-18 09:01:39.500,3442,3443,49,184,3442,233
2026-09-18 09:01:40.000,3442,3444,36,142,3443,178
2026-09-18 09:01:40.500,3442,3443,103,131,3442,234
2026-09-18 09:01:41.000,3442,3443,122,221,3442,343
2026-09-18 09:01:41.500,3442,3443,26,199,3442,225
2026-09-18 09:01:42.000,3442,3444,103,180,3443,283
2026-09-18 09:01:42.500,3440,3442,54,139,3441,193
2026-09-18 09:01:43.000,3441,3443,83,232,3442,315
2026-09-18 09:01:43.500,3440,3442,84,256,3441,340
2026-09-18 09:01:44.000,3441,3443,64,202,3442,266
2026-09-18 09:01:44.500,3442,3444,88,161,3443,249
2026-09-18 09:01:45.000,3442,3444,25,125,3443,150
2026-09-18 09:01:45.500,3446,3447,77,170,3446,247
2026-09-18 09:01:46.000,3444,3446,102,231,3445,333
2026-09-18 09:01:46.500,3444,3446,107,177,3445,284
2026-09-18 09:01:47.000,3444,3446,75,201,3445,276
2026-09-18 09:01:47.500,3444,3445,132,214,3444,346
2026-09-18 09:01:48.000,3443,3445,56,222,3444,278
2026-09-18 09:01:48.500,3442,3444,132,179,3443,311
2026-09-18 09:01:49.000,3444,3446,161,99,3445,260
2026-09-18 09:01:49.500,3442,3444,49,146,3443,195
2026-09-18 09:01:50.000,3444,3445,102,208,3444,310
2026-09-18 09:01:50.500,3440,3442,39,195,3441,234
2026-09-18 09:01:51.000,3442,3443,68,144,3442,212
2026-09-18 09:01:51.500,3440,3442,89,160,3441,249
2026-09-18 09:01:52.000,3439,3441,72,146,3440,218
2026-09-18 09:01:52.500,3443,3445,91,242,3444,333
2026-09-18 09:01:53.000,3442,3444,148,204,3443,352
2026-09-18 09:01:53.500,3444,3445,95,229,3444,324
2026-09-18 09:01:54.000,3444,3446,53,171,3445,224
2026-09-18 09:01:54.500,3448,3449,97,210,3448,307
2026-09-18 09:01:55.000,3446,3448,3,214,3447,217
2026-09-18 09:01:55.500,3446,3447,140,173,3446,313
2026-09-18 09:01:56.000,3444,3446,28,194,3445,222
2026-09-18 09:01:56.500,3442,3444,96,152,3443,248
2026-09-18 09:01:57.000,3441,3443,1,226,3442,227
2026-09-18 09:01:57.500,3441,3443,109,127,3442,236
2026-09-18 09:01:58.000,3438,3440,184,171,3439,355
2026-09-18 09:01:58.500,3438,3440,13,236,3439,249
2026-09-18 09:01:59.000,3436,3438,157,144,3437,301
2026-09-18 09:01:59.500,3436,3437,95,164,3436,259
2026-09-18 09:02:00.000,3436,3437,128,203,3436,331
2026-09-18 09:02:00.500,3436,3437,44,216,3436,260
2026-09-18 09:02:01.000,3436,3438,78,141,3437,219
2026-09-18 09:02:01.500,3436,3438,95,165,3437,260
2026-09-18 09:02:02.000,3436,3438,117,233,3437,350
2026-09-18 09:02:02.500,3436,3437,39,189,3436,228
2026-09-18 09:02:03.000,3434,3435,19,203,3434,222
2026-09-18 09:02:03.500,3430,3432,88,194,3431,282
2026-09-18 09:02:04.000,3430,3432,126,259,3431,385
2026-09-18 09:02:04.500,3430,3431,151,170,3430,321
2026-09-18 09:02:05.000,3430,3431,87,189,3430,276
2026-09-18 09:02:05.500,3430,3431,44,190,3430,234
2026-09-18 09:02:06.000,3430,3431,88,158,3430,246
2026-09-18 09:02:06.500,3428,3430,81,198,3429,279
2026-09-18 09:02:07.000,3428,3430,79,150,3429,229
2026-09-18 09:02:07.500,3427,3429,63,186,3428,249
2026-09-18 09:02:08.000,3428,3430,177,191,3429,368
2026-09-18 09:02:08.500,3427,3429,77,222,3428,299
2026-09-18 09:02:09.000,3426,3428,44,201,3427,245
2026-09-18 09:02:09.500,3424,3426,80,232,3425,312
2026-09-18 09:02:10.000,3424,3426,127,198,3425,325
2026-09-18 09:02:10.500,3424,3425,89,123,3424,212
2026-09-18 09:02:11.000,3426,3427,147,176,3426,323
2026-09-18 09:02:11.500,3426,3427,109,178,3426,287
2026-09-18 09:02:12.000,3424,3425,44,199,3424,243
2026-09-18 09:02:12.500,3424,3425,46,132,3424,178
2026-09-18 09:02:13.000,3422,3424,41,268,3423,309
2026-09-18 09:02:13.500,3418,3420,45,189,3419,234
2026-09-18 09:02:14.000,3418,3420,86,171,3419,257
2026-09-18 09:02:14.500,3416,3418,124,181,3417,305
2026-09-18 09:02:15.000,3416,3418,83,127,3417,210
2026-09-18 09:02:15.500,3416,3417,86,134,3416,220
2026-09-18 09:02:16.000,3413,3415,143,177,3414,320
2026-09-18 09:02:16.500,3414,3416,83,191,3415,274
2026-09-18 09:02:17.000,3412,3414,144,117,3413,261
2026-09-18 09:02:17.500,3414,3415,71,168,3414,239
2026-09-18 09:02:18.000,3416,3417,142,173,3416,315
2026-09-18 09:02:18.500,3414,3416,122,29,3415,151
2026-09-18 09:02:19.000,3416,3417,33,104,3416,137
2026-09-18 09:02:19.500,3416,3418,84,95,3417,179
2026-09-18 09:02:20.000,3416,3417,103,186,3416,289
2026-09-18 09:02:20.500,3414,3416,68,209,3415,277
2026-09-18 09:02:21.000,3416,3418,59,175,3417,234
2026-09-18 09:02:21.500,3415,3417,40,203,3416,243
2026-09-18 09:02:22.000,3416,3417,63,181,3416,244
2026-09-18 09:02:22.500,3414,3416,120,279,3415,399
2026-09-18 09:02:23.000,3412,3414,95,219,3413,314
2026-09-18 09:02:23.500,3414,3416,102,160,3415,262
2026-09-18 09:02:24.000,3413,3415,107,182,3414,289
2026-09-18 09:02:24.500,3414,3415,125,207,3414,332
2026-09-18 09:02:25.000,3414,3415,111,106,3414,217
2026-09-18 09:02:25.500,3412,3414,89,231,3413,320
2026-09-18 09:02:26.000,3414,3415,1,189,3414,190
2026-09-18 09:02:26.500,3414,3416,80,239,3415,319
2026-09-18 09:02:27.000,3414,3415,101,168,3414,269
2026-09-18 09:02:27.500,3414,3415,168,277,3414,445
2026-09-18 09:02:28.000,3414,3416,9,102,3415,111
2026-09-18 09:02:28.500,3414,3415,71,237,3414,308
2026-09-18 09:02:29.000,3414,3416,88,120,3415,208
2026-09-18 09:02:29.500,3416,3418,109,200,3417,309
2026-09-18 09:02:30.000,3416,3418,144,144,3417,288
2026-09-18 09:02:30.500,3416,3418,167,145,3417,312
2026-09-18 09:02:31.000,3416,3418,85,202,3417,287
2026-09-18 09:02:31.500,3416,3418,71,176,3417,247
2026-09-18 09:02:32.000,3416,3418,90,219,3417,309
2026-09-18 09:02:32.500,3418,3419,49,198,3418,247
2026-09-18 09:02:33.000,3418,3419,51,148,3418,199
2026-09-18 09:02:33.500,3415,3417,37,181,3416,218
2026-09-18 09:02:34.000,3414,3416,54,147,3415,201
2026-09-18 09:02:34.500,3414,3416,57,213,3415,270
2026-09-18 09:02:35.000,3414,3416,68,179,3415,247
2026-09-18 09:02:35.500,3414,3416,56,123,3415,179
2026-09-18 09:02:36.000,3414,3416,87,124,3415,211
2026-09-18 09:02:36.500,3416,3418,68,195,3417,263
2026-09-18 09:02:37.000,3418,3419,111,173,3418,284
2026-09-18 09:02:37.500,3418,3420,93,179,3419,272
2026-09-18 09:02:38.000,3420,3421,72,261,3420,333
2026-09-18 09:02:38.500,3418,3419,99,232,3418,331
2026-09-18 09:02:39.000,3418,3420,144,201,3419,345
2026-09-18 09:02:39.500,3416,3418,16,228,3417,244
2026-09-18 09:02:40.000,3418,3420,40,119,3419,159
2026-09-18 09:02:40.500,3418,3419,97,63,3418,160
2026-09-18 09:02:41.000,3418,3419,168,190,3418,358
2026-09-18 09:02:41.500,3415,3417,79,151,3416,230
2026-09-18 09:02:42.000,3414,3416,88,231,3415,319
2026-09-18 09:02:42.500,3414,3415,1,207,3414,208
2026-09-18 09:02:43.000,3414,3416,28,158,3415,186
2026-09-18 09:02:43.500,3414,3415,117,148,3414,265
2026-09-18 09:02:44.000,3412,3414,66,134,3413,200
2026-09-18 09:02:44.500,3412,3414,135,213,3413,348
2026-09-18 09:02:45.000,3412,3414,145,248,3413,393
2026-09-18 09:02:45.500,3414,3416,169,125,3415,294
2026-09-18 09:02:46.000,3414,3416,143,173,3415,316
2026-09-18 09:02:46.500,3415,3417,86,145,3416,231
2026-09-18 09:02:47.000,3417,3419,74,225,3418,299
2026-09-18 09:02:47.500,3418,3419,80,183,3418,263
2026-09-18 09:02:48.000,3418,3419,93,180,3418,273
2026-09-18 09:02:48.500,3416,3417,95,178,3416,273
2026-09-18 09:02:49.000,3418,3419,88,173,3418,261
2026-09-18 09:02:49.500,3418,3419,88,122,3418,210
2026-09-18 09:02:50.000,3418,3420,126,186,3419,312
2026-09-18 09:02:50.500,3418,3420,89,218,3419,307
2026-09-18 09:02:51.000,3418,3420,83,132,3419,215
2026-09-18 09:02:51.500,3418,3420,91,89,3419,180
2026-09-18 09:02:52.000,3420,3421,72,212,3420,284
2026-09-18 09:02:52.500,3420,3422,104,191,3421,295
2026-09-18 09:02:53.000,3420,3422,112,181,3421,293
2026-09-18 09:02:53.500,3420,3422,115,167,3421,282
2026-09-18 09:02:54.000,3418,3420,126,213,3419,339
2026-09-18 09:02:54.500,3418,3419,35,240,3418,275
2026-09-18 09:02:55.000,3417,3419,94,207,3418,301
2026-09-18 09:02:55.500,3418,3420,101,191,3419,292
2026-09-18 09:02:56.000,3416,3418,35,227,3417,262
2026-09-18 09:02:56.500,3414,3416,112,237,3415,349
2026-09-18 09:02:57.000,3416,3417,130,170,3416,300
2026-09-18 09:02:57.500,3412,3414,101,186,3413,287
2026-09-18 09:02:58.000,3410,3411,88,217,3410,305
2026-09-18 09:02:58.500,3410,3412,113,101,3411,214
2026-09-18 09:02:59.000,3410,3412,70,169,3411,239
2026-09-18 09:02:59.500,3410,3412,97,145,3411,242
2026-09-18 09:03:00.000,3408,3410,71,208,3409,279
2026-09-18 09:03:00.500,3408,3410,47,205,3409,252
2026-09-18 09:03:01.000,3409,3411,61,159,3410,220
2026-09-18 09:03:01.500,3410,3412,77,155,3411,232
2026-09-18 09:03:02.000,3412,3414,141,244,3413,385
2026-09-18 09:03:02.500,3412,3414,101,300,3413,401
2026-09-18 09:03:03.000,3414,3415,80,199,3414,279
2026-09-18 09:03:03.500,3411,3413,128,120,3412,248
2026-09-18 09:03:04.000,3412,3414,127,239,3413,366
2026-09-18 09:03:04.500,3412,3413,74,171,3412,245
2026-09-18 09:03:05.000,3412,3413,122,239,3412,361
2026-09-18 09:03:05.500,3410,3412,135,126,3411,261
2026-09-18 09:03:06.000,3410,3411,51,222,3410,273
2026-09-18 09:03:06.500,3408,3410,19,170,3409,189
2026-09-18 09:03:07.000,3408,3409,92,127,3408,219
2026-09-18 09:03:07.500,3407,3409,88,248,3408,336
2026-09-18 09:03:08.000,3410,3411,147,132,3410,279
2026-09-18 09:03:08.500,3410,3412,53,114,3411,167
2026-09-18 09:03:09.000,3412,3413,63,145,3412,208
2026-09-18 09:03:09.500,3412,3414,177,62,3413,239
2026-09-18 09:03:10.000,3412,3414,163,87,3413,250
2026-09-18 09:03:10.500,3414,3415,165,121,3414,286
2026-09-18 09:03:11.000,3412,3413,191,65,3412,256
2026-09-18 09:03:11.500,3410,3412,176,121,3411,297
2026-09-18 09:03:12.000,3410,3411,173,173,3410,346
2026-09-18 09:03:12.500,3410,3412,201,142,3411,343
2026-09-18 09:03:13.000,3412,3413,149,131,3412,280
2026-09-18 09:03:13.500,3410,3412,134,11,3411,145
2026-09-18 09:03:14.000,3406,3408,168,102,3407,270
2026-09-18 09:03:14.500,3404,3406,140,84,3405,224
2026-09-18 09:03:15.000,3404,3405,185,55,3404,240
2026-09-18 09:03:15.500,3404,3405,156,59,3404,215
2026-09-18 09:03:16.000,3404,3405,192,180,3404,372
2026-09-18 09:03:16.500,3402,3403,136,115,3402,251
2026-09-18 09:03:17.000,3402,3403,170,92,3402,262
2026-09-18 09:03:17.500,3400,3402,191,142,3401,333
2026-09-18 09:03:18.000,3402,3404,82,82,3403,164
2026-09-18 09:03:18.500,3403,3405,170,117,3404,287
2026-09-18 09:03:19.000,3402,3403,147,106,3402,253
2026-09-18 09:03:19.500,3404,3406,169,83,3405,252
2026-09-18 09:03:20.000,3404,3406,177,34,3405,211
2026-09-18 09:03:20.500,3404,3406,61,102,3405,163
2026-09-18 09:03:21.000,3404,3406,105,94,3405,199
2026-09-18 09:03:21.500,3404,3406,189,167,3405,356
2026-09-18 09:03:22.000,3404,3405,146,93,3404,239
2026-09-18 09:03:22.500,3406,3408,159,82,3407,241
2026-09-18 09:03:23.000,3405,3407,95,62,3406,157
2026-09-18 09:03:23.500,3404,3406,122,64,3405,186
2026-09-18 09:03:24.000,3407,3409,170,66,3408,236
2026-09-18 09:03:24.500,3408,3409,141,34,3408,175
2026-09-18 09:03:25.000,3406,3408,180,101,3407,281
2026-09-18 09:03:25.500,3406,3408,134,123,3407,257
2026-09-18 09:03:26.000,3406,3408,179,110,3407,289
2026-09-18 09:03:26.500,3406,3407,104,82,3406,186
2026-09-18 09:03:27.000,3406,3408,188,69,3407,257
2026-09-18 09:03:27.500,3408,3409,89,52,3408,141
2026-09-18 09:03:28.000,3408,3410,160,75,3409,235
2026-09-18 09:03:28.500,3409,3411,219,57,3410,276
2026-09-18 09:03:29.000,3408,3410,192,69,3409,261
2026-09-18 09:03:29.500,3409,3411,125,130,3410,255
2026-09-18 09:03:30.000,3410,3411,165,124,3410,289
2026-09-18 09:03:30.500,3411,3413,128,84,3412,212
2026-09-18 09:03:31.000,3412,3414,201,44,3413,245
2026-09-18 09:03:31.500,3412,3414,208,60,3413,268
2026-09-18 09:03:32.000,3412,3414,151,44,3413,195
2026-09-18 09:03:32.500,3412,3413,146,86,3412,232
2026-09-18 09:03:33.000,3412,3413,74,144,3412,218
2026-09-18 09:03:33.500,3411,3413,99,41,3412,140
2026-09-18 09:03:34.000,3412,3414,145,94,3413,239
2026-09-18 09:03:34.500,3414,3415,191,147,3414,338
2026-09-18 09:03:35.000,3414,3415,75,94,3414,169
2026-09-18 09:03:35.500,3414,3415,110,112,3414,222
2026-09-18 09:03:36.000,3414,3416,119,107,3415,226
2026-09-18 09:03:36.500,3416,3417,98,116,3416,214
2026-09-18 09:03:37.000,3416,3418,160,175,3417,335
2026-09-18 09:03:37.500,3415,3417,140,139,3416,279
2026-09-18 09:03:38.000,3416,3418,38,122,3417,160
2026-09-18 09:03:38.500,3418,3419,96,84,3418,180
2026-09-18 09:03:39.000,3418,3420,157,127,3419,284
2026-09-18 09:03:39.500,3420,3421,102,123,3420,225
2026-09-18 09:03:40.000,3420,3422,147,101,3421,248
2026-09-18 09:03:40.500,3421,3423,176,143,3422,319
2026-09-18 09:03:41.000,3422,3423,102,201,3422,303
2026-09-18 09:03:41.500,3422,3423,151,37,3422,188
2026-09-18 09:03:42.000,3422,3424,172,115,3423,287
2026-09-18 09:03:42.500,3424,3425,126,84,3424,210
2026-09-18 09:03:43.000,3426,3427,188,75,3426,263
2026-09-18 09:03:43.500,3426,3428,128,9,3427,137
2026-09-18 09:03:44.000,3426,3428,155,131,3427,286
2026-09-18 09:03:44.500,3427,3429,148,106,3428,254
2026-09-18 09:03:45.000,3428,3430,126,73,3429,199
2026-09-18 09:03:45.500,3428,3429,160,90,3428,250
2026-09-18 09:03:46.000,3426,3428,102,139,3427,241
2026-09-18 09:03:46.500,3425,3427,209,144,3426,353
2026-09-18 09:03:47.000,3428,3429,180,92,3428,272
2026-09-18 09:03:47.500,3430,3431,195,18,3430,213
2026-09-18 09:03:48.000,3426,3428,144,130,3427,274
2026-09-18 09:03:48.500,3424,3426,68,140,3425,208
2026-09-18 09:03:49.000,3426,3427,152,172,3426,324
2026-09-18 09:03:49.500,3424,3426,244,62,3425,306
2026-09-18 09:03:50.000,3424,3426,165,66,3425,231
2026-09-18 09:03:50.500,3426,3427,152,155,3426,307
2026-09-18 09:03:51.000,3426,3428,163,63,3427,226
2026-09-18 09:03:51.500,3428,3429,186,50,3428,236
2026-09-18 09:03:52.000,3429,3431,64,48,3430,112
2026-09-18 09:03:52.500,3429,3431,148,61,3430,209
2026-09-18 09:03:53.000,3428,3430,132,86,3429,218
2026-09-18 09:03:53.500,3430,3431,160,136,3430,296
2026-09-18 09:03:54.000,3428,3430,132,139,3429,271
2026-09-18 09:03:54.500,3428,3430,173,88,3429,261
2026-09-18 09:03:55.000,3426,3428,159,151,3427,310
2026-09-18 09:03:55.500,3427,3429,83,95,3428,178
2026-09-18 09:03:56.000,3426,3428,188,25,3427,213
2026-09-18 09:03:56.500,3428,3429,126,141,3428,267
2026-09-18 09:03:57.000,3426,3428,216,1,3427,217
2026-09-18 09:03:57.500,3426,3427,146,156,3426,302
2026-09-18 09:03:58.000,3424,3426,168,68,3425,236
2026-09-18 09:03:58.500,3426,3427,184,146,3426,330
2026-09-18 09:03:59.000,3424,3426,109,85,3425,194
2026-09-18 09:03:59.500,3426,3427,80,36,3426,116
2026-09-18 09:04:00.000,3426,3428,137,89,3427,226
2026-09-18 09:04:00.500,3428,3430,117,30,3429,147
2026-09-18 09:04:01.000,3426,3428,146,60,3427,206
2026-09-18 09:04:01.500,3426,3428,145,80,3427,225
2026-09-18 09:04:02.000,3426,3428,157,60,3427,217
2026-09-18 09:04:02.500,3424,3426,189,72,3425,261
2026-09-18 09:04:03.000,3424,3425,118,122,3424,240
2026-09-18 09:04:03.500,3424,3425,175,64,3424,239
2026-09-18 09:04:04.000,3423,3425,193,28,3424,221
2026-09-18 09:04:04.500,3423,3425,124,132,3424,256
2026-09-18 09:04:05.000,3424,3426,183,88,3425,271
2026-09-18 09:04:05.500,3426,3428,162,116,3427,278
2026-09-18 09:04:06.000,3430,3431,139,123,3430,262
2026-09-18 09:04:06.500,3428,3429,229,88,3428,317
2026-09-18 09:04:07.000,3428,3430,154,45,3429,199
2026-09-18 09:04:07.500,3427,3429,137,101,3428,238
2026-09-18 09:04:08.000,3426,3427,155,94,3426,249
2026-09-18 09:04:08.500,3427,3429,154,74,3428,228
2026-09-18 09:04:09.000,3425,3427,122,68,3426,190
2026-09-18 09:04:09.500,3428,3429,191,98,3428,289
2026-09-18 09:04:10.000,3428,3430,143,153,3429,296
2026-09-18 09:04:10.500,3428,3429,122,36,3428,158
2026-09-18 09:04:11.000,3426,3428,110,48,3427,158
2026-09-18 09:04:11.500,3426,3428,231,133,3427,364
2026-09-18 09:04:12.000,3426,3428,187,137,3427,324
2026-09-18 09:04:12.500,3428,3429,190,77,3428,267
2026-09-18 09:04:13.000,3426,3428,228,111,3427,339
2026-09-18 09:04:13.500,3426,3428,160,106,3427,266
2026-09-18 09:04:14.000,3428,3429,105,49,3428,154
2026-09-18 09:04:14.500,3426,3428,10,90,3427,100
2026-09-18 09:04:15.000,3426,3428,181,113,3427,294
2026-09-18 09:04:15.500,3426,3428,84,154,3427,238
2026-09-18 09:04:16.000,3428,3429,203,123,3428,326
2026-09-18 09:04:16.500,3428,3429,233,71,3428,304
2026-09-18 09:04:17.000,3427,3429,221,90,3428,311
2026-09-18 09:04:17.500,3428,3430,138,121,3429,259
2026-09-18 09:04:18.000,3428,3429,116,20,3428,136
2026-09-18 09:04:18.500,3428,3429,145,111,3428,256
2026-09-18 09:04:19.000,3428,3430,146,131,3429,277
2026-09-18 09:04:19.500,3430,3432,251,86,3431,337
2026-09-18 09:04:20.000,3434,3435,98,115,3434,213
2026-09-18 09:04:20.500,3434,3435,150,179,3434,329
2026-09-18 09:04:21.000,3434,3436,153,102,3435,255
2026-09-18 09:04:21.500,3434,3435,116,186,3434,302
2026-09-18 09:04:22.000,3434,3436,81,109,3435,190
2026-09-18 09:04:22.500,3434,3436,188,61,3435,249
2026-09-18 09:04:23.000,3434,3436,57,81,3435,138
2026-09-18 09:04:23.500,3436,3438,67,109,3437,176
2026-09-18 09:04:24.000,3436,3438,142,134,3437,276
2026-09-18 09:04:24.500,3436,3438,141,82,3437,223
2026-09-18 09:04:25.000,3438,3439,200,118,3438,318
2026-09-18 09:04:25.500,3436,3437,81,149,3436,230
2026-09-18 09:04:26.000,3437,3439,181,89,3438,270
2026-09-18 09:04:26.500,3436,3438,39,1,3437,40
2026-09-18 09:04:27.000,3435,3437,141,84,3436,225
2026-09-18 09:04:27.500,3436,3437,276,158,3436,434
2026-09-18 09:04:28.000,3434,3436,191,62,3435,253
2026-09-18 09:04:28.500,3436,3437,143,112,3436,255
2026-09-18 09:04:29.000,3436,3438,105,154,3437,259
2026-09-18 09:04:29.500,3436,3438,135,134,3437,269
2026-09-18 09:04:30.000,3438,3440,71,107,3439,178
2026-09-18 09:04:30.500,3439,3441,100,89,3440,189
2026-09-18 09:04:31.000,3440,3441,248,64,3440,312
2026-09-18 09:04:31.500,3440,3442,206,107,3441,313
2026-09-18 09:04:32.000,3441,3443,178,114,3442,292
2026-09-18 09:04:32.500,3444,3445,176,33,3444,209
2026-09-18 09:04:33.000,3445,3447,152,149,3446,301
2026-09-18 09:04:33.500,3448,3449,155,133,3448,288
2026-09-18 09:04:34.000,3446,3448,140,59,3447,199
2026-09-18 09:04:34.500,3446,3448,78,42,3447,120
2026-09-18 09:04:35.000,3444,3446,240,57,3445,297
2026-09-18 09:04:35.500,3446,3448,185,51,3447,236
2026-09-18 09:04:36.000,3448,3450,133,97,3449,230
2026-09-18 09:04:36.500,3448,3449,108,48,3448,156
2026-09-18 09:04:37.000,3448,3449,153,41,3448,194
2026-09-18 09:04:37.500,3450,3451,200,98,3450,298
2026-09-18 09:04:38.000,3450,3451,137,144,3450,281
2026-09-18 09:04:38.500,3450,3452,165,164,3451,329
2026-09-18 09:04:39.000,3450,3451,114,101,3450,215
2026-09-18 09:04:39.500,3452,3454,133,23,3453,156
2026-09-18 09:04:40.000,3450,3452,162,89,3451,251
2026-09-18 09:04:40.500,3448,3450,164,96,3449,260
2026-09-18 09:04:41.000,3448,3450,167,118,3449,285
2026-09-18 09:04:41.500,3450,3451,170,125,3450,295
2026-09-18 09:04:42.000,3449,3451,210,93,3450,303
2026-09-18 09:04:42.500,3450,3452,134,50,3451,184
2026-09-18 09:04:43.000,3450,3451,170,146,3450,316
2026-09-18 09:04:43.500,3452,3454,112,176,3453,288
2026-09-18 09:04:44.000,3450,3452,188,25,3451,213
2026-09-18 09:04:44.500,3452,3453,187,1,3452,188
2026-09-18 09:04:45.000,3453,3455,158,179,3454,337
2026-09-18 09:04:45.500,3456,3457,98,82,3456,180
2026-09-18 09:04:46.000,3456,3457,179,87,3456,266
2026-09-18 09:04:46.500,3455,3457,94,104,3456,198
2026-09-18 09:04:47.000,3456,3457,168,213,3456,381
2026-09-18 09:04:47.500,3456,3458,192,134,3457,326
2026-09-18 09:04:48.000,3460,3461,75,90,3460,165
2026-09-18 09:04:48.500,3460,3462,102,92,3461,194
2026-09-18 09:04:49.000,3458,3460,149,50,3459,199
2026-09-18 09:04:49.500,3458,3460,236,131,3459,367
2026-09-18 09:04:50.000,3460,3461,132,83,3460,215
2026-09-18 09:04:50.500,3458,3460,194,107,3459,301
2026-09-18 09:04:51.000,3456,3457,121,94,3456,215
2026-09-18 09:04:51.500,3454,3456,141,142,3455,283
2026-09-18 09:04:52.000,3454,3456,206,101,3455,307
2026-09-18 09:04:52.500,3452,3454,120,40,3453,160
2026-09-18 09:04:53.000,3453,3455,250,95,3454,345
2026-09-18 09:04:53.500,3454,3456,187,130,3455,317
2026-09-18 09:04:54.000,3456,3457,125,101,3456,226
2026-09-18 09:04:54.500,3456,3457,106,17,3456,123
2026-09-18 09:04:55.000,3456,3457,170,145,3456,315
2026-09-18 09:04:55.500,3456,3458,86,109,3457,195
2026-09-18 09:04:56.000,3456,3458,214,156,3457,370
2026-09-18 09:04:56.500,3456,3458,159,165,3457,324
2026-09-18 09:04:57.000,3454,3456,211,156,3455,367
2026-09-18 09:04:57.500,3454,3455,104,46,3454,150
2026-09-18 09:04:58.000,3454,3456,168,89,3455,257
2026-09-18 09:04:58.500,3452,3454,157,107,3453,264
2026-09-18 09:04:59.000,3452,3454,107,56,3453,163
2026-09-18 09:04:59.500,3454,3455,122,65,3454,187
2026-09-18 09:05:00.000,3452,3454,166,59,3453,225
2026-09-18 09:05:00.500,3452,3453,97,122,3452,219
2026-09-18 09:05:01.000,3452,3453,92,110,3452,202
2026-09-18 09:05:01.500,3451,3453,162,167,3452,329
2026-09-18 09:05:02.000,3452,3454,91,115,3453,206
2026-09-18 09:05:02.500,3452,3453,164,130,3452,294
2026-09-18 09:05:03.000,3450,3452,86,1,3451,87
2026-09-18 09:05:03.500,3452,3454,102,45,3453,147
2026-09-18 09:05:04.000,3450,3452,130,2,3451,132
2026-09-18 09:05:04.500,3452,3454,138,108,3453,246
2026-09-18 09:05:05.000,3454,3455,216,124,3454,340
2026-09-18 09:05:05.500,3452,3454,160,120,3453,280
2026-09-18 09:05:06.000,3452,3454,139,102,3453,241
2026-09-18 09:05:06.500,3456,3457,108,152,3456,260
2026-09-18 09:05:07.000,3456,3458,120,111,3457,231
2026-09-18 09:05:07.500,3454,3456,171,115,3455,286
2026-09-18 09:05:08.000,3454,3456,172,76,3455,248
2026-09-18 09:05:08.500,3452,3454,165,115,3453,280
2026-09-18 09:05:09.000,3450,3452,53,93,3451,146
2026-09-18 09:05:09.500,3452,3453,147,90,3452,237
2026-09-18 09:05:10.000,3450,3452,129,82,3451,211
2026-09-18 09:05:10.500,3452,3453,187,145,3452,332
2026-09-18 09:05:11.000,3449,3451,81,92,3450,173
2026-09-18 09:05:11.500,3448,3450,85,21,3449,106
2026-09-18 09:05:12.000,3446,3448,62,175,3447,237
2026-09-18 09:05:12.500,3448,3449,158,69,3448,227
2026-09-18 09:05:13.000,3447,3449,197,109,3448,306
2026-09-18 09:05:13.500,3447,3449,166,154,3448,320
2026-09-18 09:05:14.000,3446,3448,188,101,3447,289
2026-09-18 09:05:14.500,3442,3444,151,103,3443,254
2026-09-18 09:05:15.000,3442,3444,144,113,3443,257
2026-09-18 09:05:15.500,3442,3443,137,108,3442,245
2026-09-18 09:05:16.000,3440,3442,166,41,3441,207
2026-09-18 09:05:16.500,3440,3442,53,127,3441,180
2026-09-18 09:05:17.000,3440,3441,160,155,3440,315
2026-09-18 09:05:17.500,3440,3442,163,113,3441,276
2026-09-18 09:05:18.000,3440,3442,155,112,3441,267
2026-09-18 09:05:18.500,3441,3443,194,94,3442,288
2026-09-18 09:05:19.000,3442,3444,136,55,3443,191
2026-09-18 09:05:19.500,3442,3444,207,78,3443,285
2026-09-18 09:05:20.000,3444,3446,62,85,3445,147
2026-09-18 09:05:20.500,3442,3444,174,191,3443,365
2026-09-18 09:05:21.000,3442,3443,175,106,3442,281
2026-09-18 09:05:21.500,3440,3442,73,126,3441,199
2026-09-18 09:05:22.000,3444,3446,157,189,3445,346
2026-09-18 09:05:22.500,3446,3448,80,161,3447,241
2026-09-18 09:05:23.000,3448,3450,198,193,3449,391
2026-09-18 09:05:23.500,3448,3449,177,42,3448,219
2026-09-18 09:05:24.000,3446,3448,134,30,3447,164
2026-09-18 09:05:24.500,3446,3448,144,139,3447,283
2026-09-18 09:05:25.000,3446,3448,156,86,3447,242
2026-09-18 09:05:25.500,3446,3448,163,158,3447,321
2026-09-18 09:05:26.000,3447,3449,164,33,3448,197
2026-09-18 09:05:26.500,3449,3451,169,106,3450,275
2026-09-18 09:05:27.000,3451,3453,110,100,3452,210
2026-09-18 09:05:27.500,3450,3452,246,171,3451,417
2026-09-18 09:05:28.000,3450,3452,118,124,3451,242
2026-09-18 09:05:28.500,3452,3453,197,115,3452,312
2026-09-18 09:05:29.000,3452,3453,118,111,3452,229
2026-09-18 09:05:29.500,3452,3454,167,120,3453,287
2026-09-18 09:05:30.000,3454,3456,120,173,3455,293
2026-09-18 09:05:30.500,3454,3456,147,166,3455,313
2026-09-18 09:05:31.000,3454,3455,205,17,3454,222
2026-09-18 09:05:31.500,3452,3454,225,85,3453,310
2026-09-18 09:05:32.000,3452,3454,157,20,3453,177
2026-09-18 09:05:32.500,3455,3457,159,110,3456,269
2026-09-18 09:05:33.000,3456,3458,177,64,3457,241
2026-09-18 09:05:33.500,3456,3458,120,14,3457,134
2026-09-18 09:05:34.000,3456,3457,150,116,3456,266
2026-09-18 09:05:34.500,3456,3457,204,143,3456,347
2026-09-18 09:05:35.000,3458,3460,208,96,3459,304
2026-09-18 09:05:35.500,3460,3461,225,67,3460,292
2026-09-18 09:05:36.000,3458,3460,101,72,3459,173
2026-09-18 09:05:36.500,3458,3460,123,79,3459,202
2026-09-18 09:05:37.000,3460,3462,101,124,3461,225
2026-09-18 09:05:37.500,3464,3466,86,42,3465,128
2026-09-18 09:05:38.000,3466,3468,114,129,3467,243
2026-09-18 09:05:38.500,3466,3468,98,70,3467,168
2026-09-18 09:05:39.000,3470,3471,217,198,3470,415
2026-09-18 09:05:39.500,3470,3471,48,37,3470,85
2026-09-18 09:05:40.000,3472,3473,154,107,3472,261
2026-09-18 09:05:40.500,3472,3473,183,37,3472,220
2026-09-18 09:05:41.000,3472,3473,158,85,3472,243
2026-09-18 09:05:41.500,3474,3475,176,81,3474,257
2026-09-18 09:05:42.000,3474,3475,104,138,3474,242
2026-09-18 09:05:42.500,3474,3476,175,104,3475,279
2026-09-18 09:05:43.000,3473,3475,172,100,3474,272
2026-09-18 09:05:43.500,3474,3475,189,130,3474,319
2026-09-18 09:05:44.000,3470,3471,183,166,3470,349
2026-09-18 09:05:44.500,3469,3471,132,40,3470,172
2026-09-18 09:05:45.000,3468,3470,169,118,3469,287
2026-09-18 09:05:45.500,3468,3470,177,135,3469,312
2026-09-18 09:05:46.000,3468,3470,119,76,3469,195
2026-09-18 09:05:46.500,3470,3472,79,72,3471,151
2026-09-18 09:05:47.000,3470,3472,168,57,3471,225
2026-09-18 09:05:47.500,3468,3470,135,95,3469,230
2026-09-18 09:05:48.000,3468,3469,82,98,3468,180
2026-09-18 09:05:48.500,3468,3469,88,91,3468,179
2026-09-18 09:05:49.000,3466,3468,114,145,3467,259
2026-09-18 09:05:49.500,3464,3466,160,129,3465,289
2026-09-18 09:05:50.000,3464,3466,72,160,3465,232
2026-09-18 09:05:50.500,3462,3464,128,47,3463,175
2026-09-18 09:05:51.000,3462,3464,160,72,3463,232
2026-09-18 09:05:51.500,3462,3464,136,51,3463,187
2026-09-18 09:05:52.000,3458,3460,173,79,3459,252
2026-09-18 09:05:52.500,3459,3461,158,98,3460,256
2026-09-18 09:05:53.000,3462,3464,173,128,3463,301
2026-09-18 09:05:53.500,3462,3464,111,82,3463,193
2026-09-18 09:05:54.000,3459,3461,71,145,3460,216
2026-09-18 09:05:54.500,3460,3462,117,81,3461,198
2026-09-18 09:05:55.000,3460,3462,147,61,3461,208
2026-09-18 09:05:55.500,3460,3462,210,77,3461,287
2026-09-18 09:05:56.000,3463,3465,160,136,3464,296
2026-09-18 09:05:56.500,3464,3465,184,63,3464,247
2026-09-18 09:05:57.000,3465,3467,156,37,3466,193
2026-09-18 09:05:57.500,3466,3468,148,140,3467,288
2026-09-18 09:05:58.000,3466,3468,224,129,3467,353
2026-09-18 09:05:58.500,3464,3466,212,88,3465,300
2026-09-18 09:05:59.000,3464,3466,106,118,3465,224
2026-09-18 09:05:59.500,3464,3466,132,83,3465,215
2026-09-18 09:06:00.000,3462,3463,164,88,3462,252
2026-09-18 09:06:00.500,3460,3462,144,85,3461,229
2026-09-18 09:06:01.000,3460,3462,204,66,3461,270
2026-09-18 09:06:01.500,3460,3461,102,132,3460,234
2026-09-18 09:06:02.000,3462,3463,240,128,3462,368
2026-09-18 09:06:02.500,3460,3461,189,36,3460,225
2026-09-18 09:06:03.000,3458,3459,213,103,3458,316
2026-09-18 09:06:03.500,3456,3458,73,55,3457,128
2026-09-18 09:06:04.000,3456,3458,53,75,3457,128
2026-09-18 09:06:04.500,3456,3458,80,47,3457,127
2026-09-18 09:06:05.000,3456,3458,154,88,3457,242
2026-09-18 09:06:05.500,3456,3458,142,132,3457,274
2026-09-18 09:06:06.000,3458,3459,179,58,3458,237
2026-09-18 09:06:06.500,3459,3461,210,74,3460,284
2026-09-18 09:06:07.000,3458,3460,73,114,3459,187
2026-09-18 09:06:07.500,3460,3462,172,96,3461,268
2026-09-18 09:06:08.000,3460,3462,122,100,3461,222
2026-09-18 09:06:08.500,3460,3461,158,109,3460,267
2026-09-18 09:06:09.000,3456,3457,81,20,3456,101
2026-09-18 09:06:09.500,3456,3458,203,171,3457,374
2026-09-18 09:06:10.000,3457,3459,144,96,3458,240
2026-09-18 09:06:10.500,3456,3458,199,63,3457,262
2026-09-18 09:06:11.000,3455,3457,84,93,3456,177
2026-09-18 09:06:11.500,3454,3456,122,149,3455,271
2026-09-18 09:06:12.000,3454,3455,172,163,3454,335
2026-09-18 09:06:12.500,3456,3458,186,66,3457,252
2026-09-18 09:06:13.000,3456,3457,208,85,3456,293
2026-09-18 09:06:13.500,3456,3457,127,93,3456,220
2026-09-18 09:06:14.000,3454,3456,121,69,3455,190
2026-09-18 09:06:14.500,3456,3457,114,79,3456,193
2026-09-18 09:06:15.000,3457,3459,148,135,3458,283
2026-09-18 09:06:15.500,3458,3459,118,168,3458,286
2026-09-18 09:06:16.000,3456,3458,179,98,3457,277
2026-09-18 09:06:16.500,3455,3457,154,89,3456,243
2026-09-18 09:06:17.000,3454,3456,188,73,3455,261
2026-09-18 09:06:17.500,3456,3457,193,164,3456,357
2026-09-18 09:06:18.000,3454,3455,134,109,3454,243
2026-09-18 09:06:18.500,3454,3455,138,157,3454,295
2026-09-18 09:06:19.000,3458,3459,206,88,3458,294
2026-09-18 09:06:19.500,3458,3460,134,94,3459,228
2026-09-18 09:06:20.000,3458,3459,164,117,3458,281
2026-09-18 09:06:20.500,3458,3460,160,131,3459,291
2026-09-18 09:06:21.000,3458,3460,145,65,3459,210
2026-09-18 09:06:21.500,3458,3460,119,54,3459,173
2026-09-18 09:06:22.000,3462,3464,157,71,3463,228
2026-09-18 09:06:22.500,3462,3463,153,28,3462,181
2026-09-18 09:06:23.000,3464,3466,199,93,3465,292
2026-09-18 09:06:23.500,3462,3463,102,188,3462,290
2026-09-18 09:06:24.000,3462,3464,174,128,3463,302
2026-09-18 09:06:24.500,3464,3466,145,93,3465,238
2026-09-18 09:06:25.000,3464,3466,179,111,3465,290
2026-09-18 09:06:25.500,3464,3465,138,151,3464,289
2026-09-18 09:06:26.000,3466,3467,132,126,3466,258
2026-09-18 09:06:26.500,3466,3468,86,193,3467,279
2026-09-18 09:06:27.000,3464,3466,135,71,3465,206
2026-09-18 09:06:27.500,3464,3466,143,126,3465,269
2026-09-18 09:06:28.000,3463,3465,157,203,3464,360
2026-09-18 09:06:28.500,3462,3463,182,123,3462,305
2026-09-18 09:06:29.000,3458,3460,135,42,3459,177
2026-09-18 09:06:29.500,3458,3459,178,90,3458,268
2026-09-18 09:06:30.000,3458,3459,132,93,3458,225
2026-09-18 09:06:30.500,3458,3459,138,136,3458,274
2026-09-18 09:06:31.000,3459,3461,95,135,3460,230
2026-09-18 09:06:31.500,3460,3461,103,134,3460,237
2026-09-18 09:06:32.000,3456,3458,145,115,3457,260
2026-09-18 09:06:32.500,3458,3460,151,119,3459,270
2026-09-18 09:06:33.000,3460,3461,182,41,3460,223
2026-09-18 09:06:33.500,3460,3461,159,101,3460,260
2026-09-18 09:06:34.000,3458,3460,81,132,3459,213
2026-09-18 09:06:34.500,3455,3457,130,109,3456,239
2026-09-18 09:06:35.000,3455,3457,114,165,3456,279
2026-09-18 09:06:35.500,3456,3458,147,150,3457,297
2026-09-18 09:06:36.000,3458,3460,126,136,3459,262
2026-09-18 09:06:36.500,3460,3462,123,79,3461,202
2026-09-18 09:06:37.000,3462,3463,90,118,3462,208
2026-09-18 09:06:37.500,3460,3462,104,75,3461,179
2026-09-18 09:06:38.000,3462,3463,128,47,3462,175
2026-09-18 09:06:38.500,3459,3461,175,43,3460,218
2026-09-18 09:06:39.000,3456,3458,217,90,3457,307
2026-09-18 09:06:39.500,3456,3458,128,114,3457,242
2026-09-18 09:06:40.000,3455,3457,150,96,3456,246
2026-09-18 09:06:40.500,3456,3457,200,67,3456,267
2026-09-18 09:06:41.000,3456,3457,147,104,3456,251
2026-09-18 09:06:41.500,3453,3455,147,121,3454,268
2026-09-18 09:06:42.000,3453,3455,160,103,3454,263
2026-09-18 09:06:42.500,3451,3453,94,164,3452,258
2026-09-18 09:06:43.000,3451,3453,205,44,3452,249
2026-09-18 09:06:43.500,3450,3452,186,138,3451,324
2026-09-18 09:06:44.000,3450,3452,108,117,3451,225
2026-09-18 09:06:44.500,3450,3451,152,133,3450,285
2026-09-18 09:06:45.000,3450,3452,120,85,3451,205
2026-09-18 09:06:45.500,3450,3451,80,83,3450,163
2026-09-18 09:06:46.000,3450,3451,153,137,3450,290
2026-09-18 09:06:46.500,3450,3452,156,123,3451,279
2026-09-18 09:06:47.000,3452,3453,150,44,3452,194
2026-09-18 09:06:47.500,3448,3450,109,118,3449,227
2026-09-18 09:06:48.000,3448,3450,168,89,3449,257
2026-09-18 09:06:48.500,3446,3448,67,118,3447,185
2026-09-18 09:06:49.000,3447,3449,189,187,3448,376
2026-09-18 09:06:49.500,3445,3447,159,65,3446,224
2026-09-18 09:06:50.000,3444,3445,138,40,3444,178
2026-09-18 09:06:50.500,3443,3445,133,79,3444,212
2026-09-18 09:06:51.000,3444,3446,239,114,3445,353
2026-09-18 09:06:51.500,3446,3447,128,140,3446,268
2026-09-18 09:06:52.000,3446,3448,143,98,3447,241
2026-09-18 09:06:52.500,3448,3449,147,74,3448,221
2026-09-18 09:06:53.000,3450,3452,231,122,3451,353
2026-09-18 09:06:53.500,3450,3452,155,115,3451,270
2026-09-18 09:06:54.000,3450,3452,180,121,3451,301
2026-09-18 09:06:54.500,3452,3454,122,95,3453,217
2026-09-18 09:06:55.000,3450,3452,94,124,3451,218
2026-09-18 09:06:55.500,3450,3452,158,52,3451,210
2026-09-18 09:06:56.000,3450,3452,150,115,3451,265
2026-09-18 09:06:56.500,3452,3453,133,92,3452,225
2026-09-18 09:06:57.000,3452,3453,117,44,3452,161
2026-09-18 09:06:57.500,3452,3454,83,65,3453,148
2026-09-18 09:06:58.000,3452,3454,150,84,3453,234
2026-09-18 09:06:58.500,3454,3455,152,64,3454,216
2026-09-18 09:06:59.000,3454,3455,174,40,3454,214
2026-09-18 09:06:59.500,3452,3454,108,191,3453,299
2026-09-18 09:07:00.000,3451,3453,216,126,3452,342
2026-09-18 09:07:00.500,3452,3453,107,113,3452,220
2026-09-18 09:07:01.000,3452,3453,177,46,3452,223
2026-09-18 09:07:01.500,3452,3453,155,52,3452,207
2026-09-18 09:07:02.000,3451,3453,141,146,3452,287
2026-09-18 09:07:02.500,3450,3452,186,113,3451,299
2026-09-18 09:07:03.000,3450,3451,188,61,3450,249
2026-09-18 09:07:03.500,3450,3451,131,112,3450,243
2026-09-18 09:07:04.000,3448,3450,158,168,3449,326
2026-09-18 09:07:04.500,3448,3449,146,89,3448,235
2026-09-18 09:07:05.000,3448,3450,160,125,3449,285
2026-09-18 09:07:05.500,3450,3451,180,39,3450,219
2026-09-18 09:07:06.000,3450,3451,75,112,3450,187
2026-09-18 09:07:06.500,3450,3451,174,95,3450,269
2026-09-18 09:07:07.000,3449,3451,105,116,3450,221
2026-09-18 09:07:07.500,3452,3453,143,140,3452,283
2026-09-18 09:07:08.000,3452,3453,122,177,3452,299
2026-09-18 09:07:08.500,3452,3453,145,99,3452,244
2026-09-18 09:07:09.000,3452,3454,175,91,3453,266
2026-09-18 09:07:09.500,3454,3455,93,37,3454,130
2026-09-18 09:07:10.000,3456,3458,186,130,3457,316
2026-09-18 09:07:10.500,3456,3458,202,81,3457,283
2026-09-18 09:07:11.000,3456,3458,172,109,3457,281
2026-09-18 09:07:11.500,3454,3456,182,80,3455,262
2026-09-18 09:07:12.000,3454,3456,193,169,3455,362
2026-09-18 09:07:12.500,3456,3457,139,68,3456,207
2026-09-18 09:07:13.000,3455,3457,153,239,3456,392
2026-09-18 09:07:13.500,3452,3454,140,161,3453,301
2026-09-18 09:07:14.000,3452,3453,185,147,3452,332
2026-09-18 09:07:14.500,3451,3453,99,119,3452,218
2026-09-18 09:07:15.000,3451,3453,166,95,3452,261
2026-09-18 09:07:15.500,3452,3454,143,45,3453,188
2026-09-18 09:07:16.000,3454,3455,215,63,3454,278
2026-09-18 09:07:16.500,3452,3453,171,16,3452,187
2026-09-18 09:07:17.000,3451,3453,176,141,3452,317
2026-09-18 09:07:17.500,3456,3457,132,33,3456,165
2026-09-18 09:07:18.000,3455,3457,178,92,3456,270
2026-09-18 09:07:18.500,3456,3458,149,178,3457,327
2026-09-18 09:07:19.000,3458,3460,110,147,3459,257
2026-09-18 09:07:19.500,3458,3460,128,76,3459,204
2026-09-18 09:07:20.000,3460,3461,141,103,3460,244
2026-09-18 09:07:20.500,3460,3462,56,183,3461,239
2026-09-18 09:07:21.000,3458,3460,96,159,3459,255
2026-09-18 09:07:21.500,3460,3462,89,263,3461,352
2026-09-18 09:07:22.000,3458,3459,115,177,3458,292
2026-09-18 09:07:22.500,3460,3461,121,217,3460,338
2026-09-18 09:07:23.000,3458,3459,116,192,3458,308
2026-09-18 09:07:23.500,3458,3460,59,123,3459,182
2026-09-18 09:07:24.000,3458,3460,108,147,3459,255
2026-09-18 09:07:24.500,3460,3462,89,222,3461,311
2026-09-18 09:07:25.000,3462,3463,112,152,3462,264
2026-09-18 09:07:25.500,3464,3466,17,191,3465,208
2026-09-18 09:07:26.000,3464,3466,78,183,3465,261
2026-09-18 09:07:26.500,3464,3465,41,192,3464,233
2026-09-18 09:07:27.000,3464,3466,34,277,3465,311
2026-09-18 09:07:27.500,3464,3465,38,189,3464,227
2026-09-18 09:07:28.000,3463,3465,50,215,3464,265
2026-09-18 09:07:28.500,3464,3466,55,212,3465,267
2026-09-18 09:07:29.000,3464,3465,36,220,3464,256
2026-09-18 09:07:29.500,3462,3463,70,240,3462,310
2026-09-18 09:07:30.000,3463,3465,98,188,3464,286
2026-09-18 09:07:30.500,3464,3465,181,178,3464,359
2026-09-18 09:07:31.000,3466,3467,62,253,3466,315
2026-09-18 09:07:31.500,3464,3466,114,255,3465,369
2026-09-18 09:07:32.000,3464,3466,49,204,3465,253
2026-09-18 09:07:32.500,3466,3468,109,203,3467,312
2026-09-18 09:07:33.000,3466,3467,36,209,3466,245
2026-09-18 09:07:33.500,3464,3466,97,201,3465,298
2026-09-18 09:07:34.000,3464,3465,147,185,3464,332
2026-09-18 09:07:34.500,3464,3466,137,82,3465,219
2026-09-18 09:07:35.000,3462,3464,53,233,3463,286
2026-09-18 09:07:35.500,3462,3463,48,201,3462,249
2026-09-18 09:07:36.000,3460,3461,99,291,3460,390
2026-09-18 09:07:36.500,3458,3460,95,195,3459,290
2026-09-18 09:07:37.000,3459,3461,40,211,3460,251
2026-09-18 09:07:37.500,3458,3460,87,246,3459,333
2026-09-18 09:07:38.000,3460,3462,1,235,3461,236
2026-09-18 09:07:38.500,3461,3463,132,219,3462,351
2026-09-18 09:07:39.000,3460,3462,40,185,3461,225
2026-09-18 09:07:39.500,3462,3463,62,182,3462,244
2026-09-18 09:07:40.000,3464,3465,1,167,3464,168
2026-09-18 09:07:40.500,3463,3465,71,270,3464,341
2026-09-18 09:07:41.000,3463,3465,23,236,3464,259
2026-09-18 09:07:41.500,3458,3460,105,235,3459,340
2026-09-18 09:07:42.000,3460,3461,1,260,3460,261
2026-09-18 09:07:42.500,3458,3459,84,243,3458,327
2026-09-18 09:07:43.000,3458,3459,61,114,3458,175
2026-09-18 09:07:43.500,3460,3461,51,232,3460,283
2026-09-18 09:07:44.000,3458,3459,96,254,3458,350
2026-09-18 09:07:44.500,3458,3459,68,235,3458,303
2026-09-18 09:07:45.000,3458,3460,90,236,3459,326
2026-09-18 09:07:45.500,3460,3461,70,221,3460,291
2026-09-18 09:07:46.000,3458,3459,105,223,3458,328
2026-09-18 09:07:46.500,3456,3458,63,212,3457,275
2026-09-18 09:07:47.000,3458,3460,91,180,3459,271
2026-09-18 09:07:47.500,3459,3461,91,187,3460,278
2026-09-18 09:07:48.000,3455,3457,93,152,3456,245
2026-09-18 09:07:48.500,3456,3457,11,189,3456,200
2026-09-18 09:07:49.000,3456,3458,126,207,3457,333
2026-09-18 09:07:49.500,3456,3457,150,196,3456,346
2026-09-18 09:07:50.000,3456,3458,52,242,3457,294
2026-09-18 09:07:50.500,3460,3461,130,246,3460,376
2026-09-18 09:07:51.000,3458,3459,107,190,3458,297
2026-09-18 09:07:51.500,3456,3457,38,238,3456,276
2026-09-18 09:07:52.000,3451,3453,84,209,3452,293
2026-09-18 09:07:52.500,3452,3453,123,128,3452,251
2026-09-18 09:07:53.000,3452,3453,35,303,3452,338
2026-09-18 09:07:53.500,3452,3454,93,221,3453,314
2026-09-18 09:07:54.000,3452,3453,73,265,3452,338
2026-09-18 09:07:54.500,3451,3453,113,246,3452,359
2026-09-18 09:07:55.000,3450,3452,133,267,3451,400
2026-09-18 09:07:55.500,3450,3452,88,210,3451,298
2026-09-18 09:07:56.000,3450,3452,106,260,3451,366
2026-09-18 09:07:56.500,3452,3454,46,184,3453,230
2026-09-18 09:07:57.000,3450,3451,128,270,3450,398
2026-09-18 09:07:57.500,3450,3451,74,96,3450,170
2026-09-18 09:07:58.000,3450,3451,126,284,3450,410
2026-09-18 09:07:58.500,3448,3449,140,140,3448,280
2026-09-18 09:07:59.000,3448,3450,1,125,3449,126
2026-09-18 09:07:59.500,3448,3449,109,175,3448,284
2026-09-18 09:08:00.000,3448,3450,79,190,3449,269
2026-09-18 09:08:00.500,3448,3450,60,222,3449,282
2026-09-18 09:08:01.000,3446,3448,146,255,3447,401
2026-09-18 09:08:01.500,3446,3447,131,169,3446,300
2026-09-18 09:08:02.000,3449,3451,19,199,3450,218
2026-09-18 09:08:02.500,3448,3450,37,172,3449,209
2026-09-18 09:08:03.000,3448,3449,199,143,3448,342
2026-09-18 09:08:03.500,3447,3449,98,194,3448,292
2026-09-18 09:08:04.000,3448,3450,126,169,3449,295
2026-09-18 09:08:04.500,3450,3452,71,215,3451,286
2026-09-18 09:08:05.000,3450,3451,139,215,3450,354
2026-09-18 09:08:05.500,3450,3452,106,133,3451,239
2026-09-18 09:08:06.000,3452,3453,39,210,3452,249
2026-09-18 09:08:06.500,3452,3454,30,276,3453,306
2026-09-18 09:08:07.000,3452,3454,57,161,3453,218
2026-09-18 09:08:07.500,3452,3453,27,221,3452,248
2026-09-18 09:08:08.000,3450,3452,140,174,3451,314
2026-09-18 09:08:08.500,3452,3453,54,170,3452,224
2026-09-18 09:08:09.000,3452,3453,48,122,3452,170
2026-09-18 09:08:09.500,3450,3452,90,215,3451,305
2026-09-18 09:08:10.000,3450,3452,81,182,3451,263
2026-09-18 09:08:10.500,3450,3451,97,287,3450,384
2026-09-18 09:08:11.000,3452,3453,100,191,3452,291
2026-09-18 09:08:11.500,3454,3455,103,143,3454,246
2026-09-18 09:08:12.000,3454,3456,86,148,3455,234
2026-09-18 09:08:12.500,3454,3456,128,242,3455,370
2026-09-18 09:08:13.000,3452,3454,46,230,3453,276
2026-09-18 09:08:13.500,3454,3456,49,183,3455,232
2026-09-18 09:08:14.000,3454,3456,41,159,3455,200
2026-09-18 09:08:14.500,3454,3456,29,153,3455,182
2026-09-18 09:08:15.000,3456,3457,79,233,3456,312
2026-09-18 09:08:15.500,3458,3459,62,243,3458,305
2026-09-18 09:08:16.000,3457,3459,13,215,3458,228
2026-09-18 09:08:16.500,3458,3459,118,260,3458,378
2026-09-18 09:08:17.000,3460,3462,94,208,3461,302
2026-09-18 09:08:17.500,3460,3462,8,228,3461,236
2026-09-18 09:08:18.000,3458,3460,78,234,3459,312
2026-09-18 09:08:18.500,3456,3457,45,191,3456,236
2026-09-18 09:08:19.000,3456,3458,78,233,3457,311
2026-09-18 09:08:19.500,3456,3458,102,182,3457,284
2026-09-18 09:08:20.000,3454,3456,95,160,3455,255
2026-09-18 09:08:20.500,3456,3458,37,236,3457,273
2026-09-18 09:08:21.000,3458,3459,78,205,3458,283
2026-09-18 09:08:21.500,3459,3461,88,259,3460,347
2026-09-18 09:08:22.000,3456,3458,28,233,3457,261
2026-09-18 09:08:22.500,3458,3459,157,176,3458,333
2026-09-18 09:08:23.000,3460,3462,125,169,3461,294
2026-09-18 09:08:23.500,3460,3462,52,221,3461,273
2026-09-18 09:08:24.000,3459,3461,137,179,3460,316
2026-09-18 09:08:24.500,3460,3462,122,216,3461,338
2026-09-18 09:08:25.000,3458,3460,76,155,3459,231
2026-09-18 09:08:25.500,3458,3460,64,209,3459,273
2026-09-18 09:08:26.000,3456,3458,36,173,3457,209
2026-09-18 09:08:26.500,3456,3458,96,280,3457,376
2026-09-18 09:08:27.000,3458,3459,61,135,3458,196
2026-09-18 09:08:27.500,3456,3458,173,219,3457,392
2026-09-18 09:08:28.000,3456,3458,73,232,3457,305
2026-09-18 09:08:28.500,3455,3457,68,187,3456,255
2026-09-18 09:08:29.000,3458,3459,74,188,3458,262
2026-09-18 09:08:29.500,3456,3458,47,225,3457,272
2026-09-18 09:08:30.000,3456,3458,48,276,3457,324
2026-09-18 09:08:30.500,3458,3459,49,171,3458,220
2026-09-18 09:08:31.000,3460,3461,13,166,3460,179
2026-09-18 09:08:31.500,3461,3463,74,209,3462,283
2026-09-18 09:08:32.000,3460,3462,70,229,3461,299
2026-09-18 09:08:32.500,3460,3461,75,270,3460,345
2026-09-18 09:08:33.000,3462,3464,53,210,3463,263
2026-09-18 09:08:33.500,3464,3466,25,179,3465,204
2026-09-18 09:08:34.000,3466,3468,53,233,3467,286
2026-09-18 09:08:34.500,3468,3469,14,235,3468,249
2026-09-18 09:08:35.000,3468,3469,135,224,3468,359
2026-09-18 09:08:35.500,3468,3469,68,222,3468,290
2026-09-18 09:08:36.000,3468,3470,23,249,3469,272
2026-09-18 09:08:36.500,3466,3468,100,231,3467,331
2026-09-18 09:08:37.000,3466,3468,50,243,3467,293
2026-09-18 09:08:37.500,3468,3469,56,232,3468,288
2026-09-18 09:08:38.000,3466,3468,58,175,3467,233
2026-09-18 09:08:38.500,3466,3467,110,126,3466,236
2026-09-18 09:08:39.000,3464,3465,78,240,3464,318
2026-09-18 09:08:39.500,3464,3466,61,213,3465,274
2026-09-18 09:08:40.000,3464,3466,108,219,3465,327
2026-09-18 09:08:40.500,3466,3467,103,265,3466,368
2026-09-18 09:08:41.000,3466,3467,111,228,3466,339
2026-09-18 09:08:41.500,3467,3469,80,190,3468,270
2026-09-18 09:08:42.000,3467,3469,71,226,3468,297
2026-09-18 09:08:42.500,3469,3471,77,264,3470,341
2026-09-18 09:08:43.000,3468,3470,103,191,3469,294
2026-09-18 09:08:43.500,3471,3473,122,202,3472,324
2026-09-18 09:08:44.000,3470,3472,60,262,3471,322
2026-09-18 09:08:44.500,3468,3470,74,193,3469,267
2026-09-18 09:08:45.000,3467,3469,42,149,3468,191
2026-09-18 09:08:45.500,3466,3468,1,164,3467,165
2026-09-18 09:08:46.000,3464,3466,27,165,3465,192
2026-09-18 09:08:46.500,3464,3466,1,252,3465,253
2026-09-18 09:08:47.000,3465,3467,84,172,3466,256
2026-09-18 09:08:47.500,3464,3465,62,207,3464,269
2026-09-18 09:08:48.000,3464,3465,88,201,3464,289
2026-09-18 09:08:48.500,3464,3465,5,165,3464,170
2026-09-18 09:08:49.000,3462,3464,134,195,3463,329
2026-09-18 09:08:49.500,3461,3463,55,210,3462,265
2026-09-18 09:08:50.000,3460,3461,52,300,3460,352
2026-09-18 09:08:50.500,3462,3463,72,263,3462,335
2026-09-18 09:08:51.000,3462,3464,155,308,3463,463
2026-09-18 09:08:51.500,3464,3466,40,170,3465,210
2026-09-18 09:08:52.000,3464,3466,74,203,3465,277
2026-09-18 09:08:52.500,3464,3466,99,191,3465,290
2026-09-18 09:08:53.000,3462,3464,1,211,3463,212
2026-09-18 09:08:53.500,3463,3465,126,272,3464,398
2026-09-18 09:08:54.000,3463,3465,52,122,3464,174
2026-09-18 09:08:54.500,3464,3466,138,159,3465,297
2026-09-18 09:08:55.000,3463,3465,140,144,3464,284
2026-09-18 09:08:55.500,3466,3467,50,227,3466,277
2026-09-18 09:08:56.000,3466,3467,1,185,3466,186
2026-09-18 09:08:56.500,3464,3466,1,264,3465,265
2026-09-18 09:08:57.000,3466,3467,64,280,3466,344
2026-09-18 09:08:57.500,3464,3466,15,174,3465,189
2026-09-18 09:08:58.000,3462,3464,72,140,3463,212
2026-09-18 09:08:58.500,3462,3463,81,227,3462,308
2026-09-18 09:08:59.000,3462,3464,115,206,3463,321
2026-09-18 09:08:59.500,3462,3464,55,146,3463,201
2026-09-18 09:09:00.000,3462,3464,41,166,3463,207
2026-09-18 09:09:00.500,3466,3467,58,168,3466,226
2026-09-18 09:09:01.000,3466,3468,67,212,3467,279
2026-09-18 09:09:01.500,3468,3469,75,178,3468,253
2026-09-18 09:09:02.000,3468,3470,1,230,3469,231
2026-09-18 09:09:02.500,3468,3470,24,240,3469,264
2026-09-18 09:09:03.000,3470,3471,51,209,3470,260
2026-09-18 09:09:03.500,3472,3473,115,257,3472,372
2026-09-18 09:09:04.000,3472,3474,110,247,3473,357
2026-09-18 09:09:04.500,3471,3473,46,179,3472,225
2026-09-18 09:09:05.000,3469,3471,44,150,3470,194
2026-09-18 09:09:05.500,3468,3469,155,250,3468,405
2026-09-18 09:09:06.000,3466,3468,50,157,3467,207
2026-09-18 09:09:06.500,3468,3469,93,229,3468,322
2026-09-18 09:09:07.000,3466,3468,71,223,3467,294
2026-09-18 09:09:07.500,3466,3468,2,184,3467,186
2026-09-18 09:09:08.000,3468,3469,51,266,3468,317
2026-09-18 09:09:08.500,3468,3469,45,152,3468,197
2026-09-18 09:09:09.000,3470,3471,136,180,3470,316
2026-09-18 09:09:09.500,3471,3473,5,224,3472,229
2026-09-18 09:09:10.000,3472,3473,93,172,3472,265
2026-09-18 09:09:10.500,3472,3473,49,250,3472,299
2026-09-18 09:09:11.000,3470,3472,76,147,3471,223
2026-09-18 09:09:11.500,3472,3474,52,210,3473,262
2026-09-18 09:09:12.000,3473,3475,46,287,3474,333
2026-09-18 09:09:12.500,3470,3472,118,219,3471,337
2026-09-18 09:09:13.000,3470,3472,84,139,3471,223
2026-09-18 09:09:13.500,3470,3471,143,231,3470,374
2026-09-18 09:09:14.000,3468,3470,26,213,3469,239
2026-09-18 09:09:14.500,3468,3469,60,218,3468,278
2026-09-18 09:09:15.000,3467,3469,123,216,3468,339
2026-09-18 09:09:15.500,3467,3469,25,277,3468,302
2026-09-18 09:09:16.000,3468,3469,123,203,3468,326
2026-09-18 09:09:16.500,3467,3469,84,185,3468,269
2026-09-18 09:09:17.000,3465,3467,27,189,3466,216
2026-09-18 09:09:17.500,3463,3465,58,117,3464,175
2026-09-18 09:09:18.000,3464,3466,89,164,3465,253
2026-09-18 09:09:18.500,3462,3464,1,245,3463,246
2026-09-18 09:09:19.000,3462,3464,150,165,3463,315
2026-09-18 09:09:19.500,3463,3465,65,218,3464,283
2026-09-18 09:09:20.000,3464,3466,148,221,3465,369
2026-09-18 09:09:20.500,3462,3464,63,183,3463,246
2026-09-18 09:09:21.000,3462,3464,94,261,3463,355
2026-09-18 09:09:21.500,3460,3461,59,221,3460,280
2026-09-18 09:09:22.000,3462,3464,91,165,3463,256
2026-09-18 09:09:22.500,3462,3463,143,251,3462,394
2026-09-18 09:09:23.000,3460,3462,55,245,3461,300
2026-09-18 09:09:23.500,3462,3464,1,163,3463,164
2026-09-18 09:09:24.000,3462,3463,8,220,3462,228
2026-09-18 09:09:24.500,3462,3464,67,227,3463,294
2026-09-18 09:09:25.000,3462,3464,62,183,3463,245
2026-09-18 09:09:25.500,3462,3463,165,261,3462,426
2026-09-18 09:09:26.000,3460,3462,88,207,3461,295
2026-09-18 09:09:26.500,3461,3463,69,202,3462,271
2026-09-18 09:09:27.000,3460,3462,133,230,3461,363
2026-09-18 09:09:27.500,3458,3460,134,201,3459,335
2026-09-18 09:09:28.000,3458,3459,113,208,3458,321
2026-09-18 09:09:28.500,3456,3458,1,188,3457,189
2026-09-18 09:09:29.000,3456,3458,43,199,3457,242
2026-09-18 09:09:29.500,3456,3458,55,234,3457,289
2026-09-18 09:09:30.000,3456,3458,41,178,3457,219
2026-09-18 09:09:30.500,3457,3459,69,229,3458,298
2026-09-18 09:09:31.000,3456,3458,47,252,3457,299
2026-09-18 09:09:31.500,3458,3459,79,237,3458,316
2026-09-18 09:09:32.000,3456,3457,90,179,3456,269
2026-09-18 09:09:32.500,3456,3458,119,177,3457,296
2026-09-18 09:09:33.000,3456,3458,136,247,3457,383
2026-09-18 09:09:33.500,3458,3460,105,242,3459,347
2026-09-18 09:09:34.000,3458,3460,71,245,3459,316
2026-09-18 09:09:34.500,3460,3462,152,201,3461,353
2026-09-18 09:09:35.000,3460,3461,128,200,3460,328
2026-09-18 09:09:35.500,3460,3462,69,282,3461,351
2026-09-18 09:09:36.000,3460,3462,47,158,3461,205
2026-09-18 09:09:36.500,3459,3461,17,207,3460,224
2026-09-18 09:09:37.000,3462,3463,42,202,3462,244
2026-09-18 09:09:37.500,3462,3463,64,288,3462,352
2026-09-18 09:09:38.000,3458,3460,1,142,3459,143
2026-09-18 09:09:38.500,3458,3460,69,196,3459,265
2026-09-18 09:09:39.000,3457,3459,83,98,3458,181
2026-09-18 09:09:39.500,3458,3460,60,296,3459,356
2026-09-18 09:09:40.000,3456,3458,77,227,3457,304
2026-09-18 09:09:40.500,3456,3458,125,251,3457,376
2026-09-18 09:09:41.000,3458,3459,1,204,3458,205
2026-09-18 09:09:41.500,3456,3457,73,225,3456,298
2026-09-18 09:09:42.000,3455,3457,34,221,3456,255
2026-09-18 09:09:42.500,3456,3458,69,215,3457,284
2026-09-18 09:09:43.000,3458,3459,27,194,3458,221
2026-09-18 09:09:43.500,3456,3458,2,233,3457,235
2026-09-18 09:09:44.000,3458,3460,89,107,3459,196
2026-09-18 09:09:44.500,3460,3461,77,193,3460,270
2026-09-18 09:09:45.000,3460,3461,64,235,3460,299
2026-09-18 09:09:45.500,3456,3458,1,210,3457,211
2026-09-18 09:09:46.000,3458,3459,101,202,3458,303
2026-09-18 09:09:46.500,3460,3461,49,156,3460,205
2026-09-18 09:09:47.000,3460,3462,114,179,3461,293
2026-09-18 09:09:47.500,3460,3461,32,250,3460,282
2026-09-18 09:09:48.000,3460,3461,38,266,3460,304
2026-09-18 09:09:48.500,3458,3460,5,156,3459,161
2026-09-18 09:09:49.000,3460,3461,59,213,3460,272
2026-09-18 09:09:49.500,3460,3461,89,224,3460,313
2026-09-18 09:09:50.000,3458,3460,101,238,3459,339
2026-09-18 09:09:50.500,3460,3461,40,143,3460,183
2026-09-18 09:09:51.000,3457,3459,62,240,3458,302
2026-09-18 09:09:51.500,3458,3459,67,149,3458,216
2026-09-18 09:09:52.000,3454,3456,7,206,3455,213
2026-09-18 09:09:52.500,3455,3457,28,256,3456,284
2026-09-18 09:09:53.000,3456,3458,68,171,3457,239
2026-09-18 09:09:53.500,3458,3459,123,256,3458,379
2026-09-18 09:09:54.000,3460,3461,92,224,3460,316
2026-09-18 09:09:54.500,3460,3462,132,185,3461,317
2026-09-18 09:09:55.000,3458,3460,12,212,3459,224
2026-09-18 09:09:55.500,3458,3460,125,204,3459,329
2026-09-18 09:09:56.000,3455,3457,16,218,3456,234
2026-09-18 09:09:56.500,3454,3456,38,212,3455,250
2026-09-18 09:09:57.000,3454,3456,128,171,3455,299
2026-09-18 09:09:57.500,3453,3455,122,97,3454,219
2026-09-18 09:09:58.000,3452,3454,37,198,3453,235
2026-09-18 09:09:58.500,3456,3457,121,157,3456,278
2026-09-18 09:09:59.000,3455,3457,12,191,3456,203
2026-09-18 09:09:59.500,3452,3454,68,180,3453,248
2026-09-18 09:10:00.000,3454,3456,79,187,3455,266
2026-09-18 09:10:00.500,3454,3456,84,165,3455,249
2026-09-18 09:10:01.000,3454,3456,5,239,3455,244
2026-09-18 09:10:01.500,3456,3458,71,179,3457,250
2026-09-18 09:10:02.000,3458,3459,98,187,3458,285
2026-09-18 09:10:02.500,3458,3459,81,204,3458,285
2026-09-18 09:10:03.000,3457,3459,17,205,3458,222
2026-09-18 09:10:03.500,3458,3459,77,203,3458,280
2026-09-18 09:10:04.000,3458,3460,84,178,3459,262
2026-09-18 09:10:04.500,3457,3459,79,206,3458,285
2026-09-18 09:10:05.000,3456,3458,66,291,3457,357
2026-09-18 09:10:05.500,3460,3461,89,233,3460,322
2026-09-18 09:10:06.000,3462,3463,57,219,3462,276
2026-09-18 09:10:06.500,3460,3462,50,238,3461,288
2026-09-18 09:10:07.000,3458,3460,51,137,3459,188
2026-09-18 09:10:07.500,3458,3460,157,172,3459,329
2026-09-18 09:10:08.000,3456,3458,76,218,3457,294
2026-09-18 09:10:08.500,3458,3459,22,276,3458,298
2026-09-18 09:10:09.000,3460,3462,70,261,3461,331
2026-09-18 09:10:09.500,3461,3463,75,194,3462,269
2026-09-18 09:10:10.000,3462,3464,82,212,3463,294
2026-09-18 09:10:10.500,3462,3464,55,143,3463,198
2026-09-18 09:10:11.000,3461,3463,1,216,3462,217
2026-09-18 09:10:11.500,3464,3465,116,171,3464,287
2026-09-18 09:10:12.000,3462,3464,75,167,3463,242
2026-09-18 09:10:12.500,3462,3463,87,165,3462,252
2026-09-18 09:10:13.000,3462,3463,1,204,3462,205
2026-09-18 09:10:13.500,3462,3464,99,235,3463,334
2026-09-18 09:10:14.000,3466,3467,91,241,3466,332
2026-09-18 09:10:14.500,3466,3468,60,231,3467,291
2026-09-18 09:10:15.000,3465,3467,83,193,3466,276
2026-09-18 09:10:15.500,3468,3470,50,197,3469,247
2026-09-18 09:10:16.000,3468,3470,27,311,3469,338
2026-09-18 09:10:16.500,3466,3468,33,243,3467,276
2026-09-18 09:10:17.000,3466,3467,63,187,3466,250
2026-09-18 09:10:17.500,3465,3467,86,189,3466,275
2026-09-18 09:10:18.000,3464,3466,98,279,3465,377
2026-09-18 09:10:18.500,3464,3466,76,189,3465,265
2026-09-18 09:10:19.000,3464,3466,108,189,3465,297
2026-09-18 09:10:19.500,3464,3465,93,223,3464,316
2026-09-18 09:10:20.000,3464,3465,68,255,3464,323
2026-09-18 09:10:20.500,3462,3464,92,164,3463,256
2026-09-18 09:10:21.000,3466,3467,102,207,3466,309
2026-09-18 09:10:21.500,3466,3467,75,240,3466,315
2026-09-18 09:10:22.000,3466,3467,101,153,3466,254
2026-09-18 09:10:22.500,3468,3469,62,254,3468,316
2026-09-18 09:10:23.000,3468,3470,84,251,3469,335
2026-09-18 09:10:23.500,3468,3470,34,232,3469,266
2026-09-18 09:10:24.000,3470,3472,118,198,3471,316
2026-09-18 09:10:24.500,3472,3473,135,181,3472,316
2026-09-18 09:10:25.000,3471,3473,77,247,3472,324
2026-09-18 09:10:25.500,3470,3472,150,109,3471,259
2026-09-18 09:10:26.000,3471,3473,25,205,3472,230
2026-09-18 09:10:26.500,3471,3473,105,211,3472,316
2026-09-18 09:10:27.000,3471,3473,80,196,3472,276
2026-09-18 09:10:27.500,3472,3473,62,184,3472,246
2026-09-18 09:10:28.000,3470,3471,31,118,3470,149
2026-09-18 09:10:28.500,3468,3470,68,236,3469,304
2026-09-18 09:10:29.000,3468,3469,1,235,3468,236
2026-09-18 09:10:29.500,3469,3471,66,199,3470,265
2026-09-18 09:10:30.000,3470,3472,100,233,3471,333
2026-09-18 09:10:30.500,3468,3470,53,241,3469,294
2026-09-18 09:10:31.000,3467,3469,173,226,3468,399
2026-09-18 09:10:31.500,3465,3467,16,169,3466,185
2026-09-18 09:10:32.000,3464,3466,98,241,3465,339
2026-09-18 09:10:32.500,3464,3465,104,219,3464,323
2026-09-18 09:10:33.000,3462,3464,109,210,3463,319
2026-09-18 09:10:33.500,3462,3463,85,210,3462,295
2026-09-18 09:10:34.000,3460,3462,82,182,3461,264
2026-09-18 09:10:34.500,3463,3465,100,235,3464,335
2026-09-18 09:10:35.000,3463,3465,7,237,3464,244
2026-09-18 09:10:35.500,3461,3463,148,240,3462,388
2026-09-18 09:10:36.000,3462,3464,68,168,3463,236
2026-09-18 09:10:36.500,3463,3465,105,149,3464,254
2026-09-18 09:10:37.000,3462,3463,103,190,3462,293
2026-09-18 09:10:37.500,3461,3463,1,267,3462,268
2026-09-18 09:10:38.000,3462,3464,62,185,3463,247
2026-09-18 09:10:38.500,3464,3466,3,183,3465,186
2026-09-18 09:10:39.000,3464,3466,86,217,3465,303
2026-09-18 09:10:39.500,3466,3467,40,223,3466,263
2026-09-18 09:10:40.000,3466,3468,73,227,3467,300
2026-09-18 09:10:40.500,3468,3470,134,143,3469,277
2026-09-18 09:10:41.000,3469,3471,85,219,3470,304
2026-09-18 09:10:41.500,3472,3473,91,159,3472,250
2026-09-18 09:10:42.000,3470,3471,57,143,3470,200
2026-09-18 09:10:42.500,3470,3472,1,273,3471,274
2026-09-18 09:10:43.000,3472,3474,38,207,3473,245
2026-09-18 09:10:43.500,3472,3474,55,268,3473,323
2026-09-18 09:10:44.000,3474,3475,108,134,3474,242
2026-09-18 09:10:44.500,3473,3475,132,186,3474,318
2026-09-18 09:10:45.000,3472,3473,16,165,3472,181
2026-09-18 09:10:45.500,3470,3472,121,281,3471,402
2026-09-18 09:10:46.000,3471,3473,18,231,3472,249
2026-09-18 09:10:46.500,3471,3473,96,141,3472,237
2026-09-18 09:10:47.000,3470,3472,142,309,3471,451
2026-09-18 09:10:47.500,3470,3471,68,191,3470,259
2026-09-18 09:10:48.000,3470,3471,1,178,3470,179
2026-09-18 09:10:48.500,3470,3471,65,220,3470,285
2026-09-18 09:10:49.000,3470,3472,99,301,3471,400
2026-09-18 09:10:49.500,3470,3472,91,162,3471,253
2026-09-18 09:10:50.000,3472,3473,106,160,3472,266
2026-09-18 09:10:50.500,3467,3469,108,201,3468,309
2026-09-18 09:10:51.000,3467,3469,46,231,3468,277
2026-09-18 09:10:51.500,3468,3470,68,216,3469,284
2026-09-18 09:10:52.000,3467,3469,76,210,3468,286
2026-09-18 09:10:52.500,3468,3470,89,182,3469,271
2026-09-18 09:10:53.000,3466,3468,141,196,3467,337
2026-09-18 09:10:53.500,3468,3470,80,226,3469,306
2026-09-18 09:10:54.000,3468,3469,1,229,3468,230
2026-09-18 09:10:54.500,3468,3470,137,121,3469,258
2026-09-18 09:10:55.000,3470,3472,113,170,3471,283
2026-09-18 09:10:55.500,3470,3472,64,192,3471,256
2026-09-18 09:10:56.000,3469,3471,59,143,3470,202
2026-09-18 09:10:56.500,3470,3472,144,56,3471,200
2026-09-18 09:10:57.000,3471,3473,72,226,3472,298
2026-09-18 09:10:57.500,3472,3473,48,188,3472,236
2026-09-18 09:10:58.000,3472,3474,1,150,3473,151
2026-09-18 09:10:58.500,3472,3473,67,168,3472,235
2026-09-18 09:10:59.000,3475,3477,36,247,3476,283
2026-09-18 09:10:59.500,3476,3478,117,143,3477,260
2026-09-18 09:11:00.000,3476,3478,83,159,3477,242
2026-09-18 09:11:00.500,3478,3479,20,136,3478,156
2026-09-18 09:11:01.000,3478,3480,103,209,3479,312
2026-09-18 09:11:01.500,3478,3480,108,178,3479,286
2026-09-18 09:11:02.000,3478,3479,56,172,3478,228
2026-09-18 09:11:02.500,3478,3479,89,190,3478,279
2026-09-18 09:11:03.000,3478,3480,26,193,3479,219
2026-09-18 09:11:03.500,3480,3481,126,193,3480,319
2026-09-18 09:11:04.000,3477,3479,121,168,3478,289
2026-09-18 09:11:04.500,3477,3479,25,213,3478,238
2026-09-18 09:11:05.000,3478,3479,76,175,3478,251
2026-09-18 09:11:05.500,3478,3480,41,239,3479,280
2026-09-18 09:11:06.000,3478,3479,6,120,3478,126
2026-09-18 09:11:06.500,3478,3480,63,225,3479,288
2026-09-18 09:11:07.000,3478,3479,61,226,3478,287
2026-09-18 09:11:07.500,3477,3479,85,204,3478,289
2026-09-18 09:11:08.000,3476,3478,62,180,3477,242
2026-09-18 09:11:08.500,3474,3475,205,162,3474,367
2026-09-18 09:11:09.000,3472,3474,70,283,3473,353
2026-09-18 09:11:09.500,3472,3474,46,211,3473,257
2026-09-18 09:11:10.000,3471,3473,51,215,3472,266
2026-09-18 09:11:10.500,3470,3472,3,197,3471,200
2026-09-18 09:11:11.000,3468,3470,120,194,3469,314
2026-09-18 09:11:11.500,3468,3470,44,135,3469,179
2026-09-18 09:11:12.000,3470,3472,66,195,3471,261
2026-09-18 09:11:12.500,3470,3472,90,254,3471,344
2026-09-18 09:11:13.000,3472,3474,12,254,3473,266
2026-09-18 09:11:13.500,3472,3473,88,240,3472,328
2026-09-18 09:11:14.000,3472,3474,1,152,3473,153
2026-09-18 09:11:14.500,3472,3473,85,180,3472,265
2026-09-18 09:11:15.000,3474,3475,105,147,3474,252
2026-09-18 09:11:15.500,3472,3473,31,209,3472,240
2026-09-18 09:11:16.000,3472,3474,53,221,3473,274
2026-09-18 09:11:16.500,3471,3473,80,238,3472,318
2026-09-18 09:11:17.000,3472,3474,56,232,3473,288
2026-09-18 09:11:17.500,3476,3477,69,132,3476,201
2026-09-18 09:11:18.000,3476,3477,175,240,3476,415
2026-09-18 09:11:18.500,3474,3475,102,244,3474,346
2026-09-18 09:11:19.000,3474,3475,81,169,3474,250
2026-09-18 09:11:19.500,3474,3476,6,165,3475,171
2026-09-18 09:11:20.000,3474,3476,101,174,3475,275
2026-09-18 09:11:20.500,3474,3476,135,235,3475,370
2026-09-18 09:11:21.000,3475,3477,58,246,3476,304
2026-09-18 09:11:21.500,3474,3476,62,210,3475,272
2026-09-18 09:11:22.000,3476,3478,1,188,3477,189
2026-09-18 09:11:22.500,3478,3479,119,190,3478,309
2026-09-18 09:11:23.000,3476,3478,46,198,3477,244
2026-09-18 09:11:23.500,3476,3477,38,223,3476,261
2026-09-18 09:11:24.000,3472,3474,64,160,3473,224
2026-09-18 09:11:24.500,3470,3472,109,235,3471,344
2026-09-18 09:11:25.000,3472,3474,63,155,3473,218
2026-09-18 09:11:25.500,3471,3473,7,139,3472,146
2026-09-18 09:11:26.000,3472,3474,105,186,3473,291
2026-09-18 09:11:26.500,3474,3476,91,201,3475,292
2026-09-18 09:11:27.000,3474,3476,72,206,3475,278
2026-09-18 09:11:27.500,3476,3478,95,142,3477,237
2026-09-18 09:11:28.000,3476,3477,155,263,3476,418
2026-09-18 09:11:28.500,3478,3479,75,125,3478,200
2026-09-18 09:11:29.000,3480,3481,38,160,3480,198
2026-09-18 09:11:29.500,3480,3481,29,247,3480,276
2026-09-18 09:11:30.000,3476,3478,70,203,3477,273
2026-09-18 09:11:30.500,3476,3477,119,144,3476,263
2026-09-18 09:11:31.000,3476,3478,14,195,3477,209
2026-09-18 09:11:31.500,3474,3476,52,176,3475,228
2026-09-18 09:11:32.000,3474,3476,99,167,3475,266
2026-09-18 09:11:32.500,3474,3476,113,167,3475,280
2026-09-18 09:11:33.000,3472,3474,56,200,3473,256
2026-09-18 09:11:33.500,3470,3471,1,215,3470,216
2026-09-18 09:11:34.000,3468,3470,12,189,3469,201
2026-09-18 09:11:34.500,3470,3471,113,257,3470,370
2026-09-18 09:11:35.000,3470,3472,110,179,3471,289
2026-09-18 09:11:35.500,3470,3472,128,116,3471,244
2026-09-18 09:11:36.000,3469,3471,16,240,3470,256
2026-09-18 09:11:36.500,3474,3475,92,211,3474,303
2026-09-18 09:11:37.000,3472,3474,101,189,3473,290
2026-09-18 09:11:37.500,3470,3472,126,203,3471,329
2026-09-18 09:11:38.000,3466,3468,44,163,3467,207
2026-09-18 09:11:38.500,3469,3471,94,217,3470,311
2026-09-18 09:11:39.000,3468,3470,91,156,3469,247
2026-09-18 09:11:39.500,3470,3471,78,178,3470,256
2026-09-18 09:11:40.000,3470,3471,8,238,3470,246
2026-09-18 09:11:40.500,3470,3472,37,172,3471,209
2026-09-18 09:11:41.000,3472,3473,30,163,3472,193
2026-09-18 09:11:41.500,3470,3472,120,174,3471,294
2026-09-18 09:11:42.000,3470,3472,103,205,3471,308
2026-09-18 09:11:42.500,3472,3474,173,193,3473,366
2026-09-18 09:11:43.000,3473,3475,1,222,3474,223
2026-09-18 09:11:43.500,3470,3472,78,181,3471,259
2026-09-18 09:11:44.000,3469,3471,54,232,3470,286
2026-09-18 09:11:44.500,3470,3471,81,216,3470,297
2026-09-18 09:11:45.000,3470,3472,132,217,3471,349
2026-09-18 09:11:45.500,3472,3473,94,228,3472,322
2026-09-18 09:11:46.000,3474,3475,24,168,3474,192
2026-09-18 09:11:46.500,3474,3475,93,175,3474,268
2026-09-18 09:11:47.000,3474,3475,117,210,3474,327
2026-09-18 09:11:47.500,3472,3474,55,127,3473,182
2026-09-18 09:11:48.000,3472,3474,53,287,3473,340
2026-09-18 09:11:48.500,3472,3474,72,178,3473,250
2026-09-18 09:11:49.000,3472,3474,1,148,3473,149
2026-09-18 09:11:49.500,3472,3473,49,167,3472,216
2026-09-18 09:11:50.000,3474,3475,110,214,3474,324
2026-09-18 09:11:50.500,3474,3476,12,159,3475,171
2026-09-18 09:11:51.000,3476,3478,100,208,3477,308
2026-09-18 09:11:51.500,3476,3478,102,262,3477,364
2026-09-18 09:11:52.000,3476,3478,93,180,3477,273
2026-09-18 09:11:52.500,3476,3478,122,219,3477,341
2026-09-18 09:11:53.000,3477,3479,16,258,3478,274
2026-09-18 09:11:53.500,3474,3476,67,256,3475,323
2026-09-18 09:11:54.000,3474,3476,167,181,3475,348
2026-09-18 09:11:54.500,3476,3478,46,165,3477,211
2026-09-18 09:11:55.000,3476,3478,155,213,3477,368
2026-09-18 09:11:55.500,3476,3478,114,189,3477,303
2026-09-18 09:11:56.000,3476,3478,77,145,3477,222
2026-09-18 09:11:56.500,3478,3480,101,225,3479,326
2026-09-18 09:11:57.000,3476,3477,93,227,3476,320
2026-09-18 09:11:57.500,3474,3476,89,183,3475,272
2026-09-18 09:11:58.000,3474,3476,15,258,3475,273
2026-09-18 09:11:58.500,3474,3476,24,230,3475,254
2026-09-18 09:11:59.000,3476,3477,166,233,3476,399
2026-09-18 09:11:59.500,3472,3474,37,216,3473,253
2026-09-18 09:12:00.000,3472,3474,59,219,3473,278
2026-09-18 09:12:00.500,3474,3476,93,260,3475,353
2026-09-18 09:12:01.000,3474,3475,90,191,3474,281
2026-09-18 09:12:01.500,3472,3474,121,186,3473,307
2026-09-18 09:12:02.000,3472,3474,33,217,3473,250
2026-09-18 09:12:02.500,3472,3473,92,138,3472,230
2026-09-18 09:12:03.000,3472,3474,1,235,3473,236
2026-09-18 09:12:03.500,3472,3474,37,163,3473,200
2026-09-18 09:12:04.000,3474,3475,108,226,3474,334
2026-09-18 09:12:04.500,3474,3475,74,169,3474,243
2026-09-18 09:12:05.000,3474,3476,31,222,3475,253
2026-09-18 09:12:05.500,3474,3476,92,166,3475,258
2026-09-18 09:12:06.000,3473,3475,102,168,3474,270
2026-09-18 09:12:06.500,3472,3474,43,153,3473,196
2026-09-18 09:12:07.000,3472,3474,89,225,3473,314
2026-09-18 09:12:07.500,3474,3475,163,161,3474,324
2026-09-18 09:12:08.000,3472,3474,94,209,3473,303
2026-09-18 09:12:08.500,3472,3474,53,230,3473,283
2026-09-18 09:12:09.000,3470,3472,78,243,3471,321
2026-09-18 09:12:09.500,3470,3472,39,213,3471,252
2026-09-18 09:12:10.000,3472,3473,45,242,3472,287
2026-09-18 09:12:10.500,3470,3472,39,189,3471,228
2026-09-18 09:12:11.000,3472,3473,109,229,3472,338
2026-09-18 09:12:11.500,3472,3473,87,199,3472,286
2026-09-18 09:12:12.000,3472,3474,1,177,3473,178
2026-09-18 09:12:12.500,3474,3475,56,253,3474,309
2026-09-18 09:12:13.000,3474,3475,19,209,3474,228
2026-09-18 09:12:13.500,3474,3476,11,256,3475,267
2026-09-18 09:12:14.000,3472,3474,75,148,3473,223
2026-09-18 09:12:14.500,3472,3474,1,175,3473,176
2026-09-18 09:12:15.000,3471,3473,202,137,3472,339
2026-09-18 09:12:15.500,3474,3476,19,216,3475,235
2026-09-18 09:12:16.000,3474,3475,15,217,3474,232
2026-09-18 09:12:16.500,3473,3475,150,212,3474,362
2026-09-18 09:12:17.000,3476,3477,19,172,3476,191
2026-09-18 09:12:17.500,3474,3476,105,221,3475,326
2026-09-18 09:12:18.000,3474,3475,107,276,3474,383
2026-09-18 09:12:18.500,3474,3476,85,217,3475,302
2026-09-18 09:12:19.000,3474,3475,42,202,3474,244
2026-09-18 09:12:19.500,3473,3475,108,162,3474,270
2026-09-18 09:12:20.000,3474,3476,69,109,3475,178
2026-09-18 09:12:20.500,3474,3476,84,172,3475,256
2026-09-18 09:12:21.000,3472,3474,104,194,3473,298
2026-09-18 09:12:21.500,3472,3474,147,171,3473,318
2026-09-18 09:12:22.000,3472,3474,62,177,3473,239
2026-09-18 09:12:22.500,3474,3475,105,214,3474,319
2026-09-18 09:12:23.000,3473,3475,36,111,3474,147
2026-09-18 09:12:23.500,3471,3473,69,156,3472,225
2026-09-18 09:12:24.000,3470,3472,124,224,3471,348
2026-09-18 09:12:24.500,3472,3473,94,175,3472,269
2026-09-18 09:12:25.000,3472,3473,72,243,3472,315
2026-09-18 09:12:25.500,3472,3473,111,147,3472,258
2026-09-18 09:12:26.000,3472,3474,51,223,3473,274
2026-09-18 09:12:26.500,3470,3472,49,134,3471,183
2026-09-18 09:12:27.000,3472,3474,48,122,3473,170
2026-09-18 09:12:27.500,3471,3473,114,241,3472,355
2026-09-18 09:12:28.000,3470,3472,156,215,3471,371
2026-09-18 09:12:28.500,3470,3472,34,183,3471,217
2026-09-18 09:12:29.000,3474,3475,61,143,3474,204
2026-09-18 09:12:29.500,3473,3475,7,183,3474,190
2026-09-18 09:12:30.000,3474,3475,31,219,3474,250
2026-09-18 09:12:30.500,3473,3475,1,209,3474,210
2026-09-18 09:12:31.000,3474,3475,13,200,3474,213
2026-09-18 09:12:31.500,3474,3475,98,192,3474,290
2026-09-18 09:12:32.000,3474,3475,72,221,3474,293
2026-09-18 09:12:32.500,3470,3472,83,190,3471,273
2026-09-18 09:12:33.000,3470,3472,5,170,3471,175
2026-09-18 09:12:33.500,3470,3471,106,177,3470,283
2026-09-18 09:12:34.000,3470,3471,67,151,3470,218
2026-09-18 09:12:34.500,3468,3469,75,315,3468,390
2026-09-18 09:12:35.000,3466,3468,94,191,3467,285
2026-09-18 09:12:35.500,3464,3466,122,109,3465,231
2026-09-18 09:12:36.000,3464,3466,139,278,3465,417
2026-09-18 09:12:36.500,3464,3466,67,196,3465,263
2026-09-18 09:12:37.000,3464,3466,36,188,3465,224
2026-09-18 09:12:37.500,3466,3467,79,206,3466,285
2026-09-18 09:12:38.000,3466,3467,121,230,3466,351
2026-09-18 09:12:38.500,3466,3468,73,172,3467,245
2026-09-18 09:12:39.000,3466,3467,95,193,3466,288
2026-09-18 09:12:39.500,3466,3467,66,253,3466,319
2026-09-18 09:12:40.000,3468,3469,110,236,3468,346
2026-09-18 09:12:40.500,3466,3468,115,281,3467,396
2026-09-18 09:12:41.000,3466,3468,88,228,3467,316
2026-09-18 09:12:41.500,3466,3468,41,225,3467,266
2026-09-18 09:12:42.000,3466,3468,103,143,3467,246
2026-09-18 09:12:42.500,3466,3467,103,231,3466,334
2026-09-18 09:12:43.000,3464,3466,47,147,3465,194
2026-09-18 09:12:43.500,3466,3468,40,193,3467,233
2026-09-18 09:12:44.000,3466,3468,22,241,3467,263
2026-09-18 09:12:44.500,3470,3471,45,104,3470,149
2026-09-18 09:12:45.000,3470,3471,58,119,3470,177
2026-09-18 09:12:45.500,3470,3472,70,306,3471,376
2026-09-18 09:12:46.000,3469,3471,118,174,3470,292
2026-09-18 09:12:46.500,3470,3471,133,198,3470,331
2026-09-18 09:12:47.000,3470,3472,55,224,3471,279
2026-09-18 09:12:47.500,3470,3471,67,206,3470,273
2026-09-18 09:12:48.000,3468,3469,65,149,3468,214
2026-09-18 09:12:48.500,3466,3468,60,255,3467,315
2026-09-18 09:12:49.000,3463,3465,97,188,3464,285
2026-09-18 09:12:49.500,3462,3464,60,175,3463,235
2026-09-18 09:12:50.000,3462,3463,117,123,3462,240
2026-09-18 09:12:50.500,3460,3462,162,198,3461,360
2026-09-18 09:12:51.000,3460,3462,77,266,3461,343
2026-09-18 09:12:51.500,3462,3464,88,259,3463,347
2026-09-18 09:12:52.000,3460,3462,122,200,3461,322
2026-09-18 09:12:52.500,3460,3462,92,211,3461,303
2026-09-18 09:12:53.000,3458,3460,98,169,3459,267
2026-09-18 09:12:53.500,3456,3458,19,214,3457,233
2026-09-18 09:12:54.000,3452,3454,94,214,3453,308
2026-09-18 09:12:54.500,3452,3453,82,137,3452,219
2026-09-18 09:12:55.000,3452,3453,102,143,3452,245
2026-09-18 09:12:55.500,3452,3453,62,162,3452,224
2026-09-18 09:12:56.000,3454,3456,104,180,3455,284
2026-09-18 09:12:56.500,3456,3458,60,126,3457,186
2026-09-18 09:12:57.000,3456,3458,95,302,3457,397
2026-09-18 09:12:57.500,3458,3459,98,203,3458,301
2026-09-18 09:12:58.000,3456,3458,149,260,3457,409
2026-09-18 09:12:58.500,3456,3457,57,156,3456,213
2026-09-18 09:12:59.000,3456,3458,108,212,3457,320
2026-09-18 09:12:59.500,3455,3457,112,157,3456,269
2026-09-18 09:13:00.000,3456,3458,75,214,3457,289
2026-09-18 09:13:00.500,3456,3458,101,218,3457,319
2026-09-18 09:13:01.000,3456,3457,119,139,3456,258
2026-09-18 09:13:01.500,3456,3458,76,110,3457,186
2026-09-18 09:13:02.000,3456,3458,39,273,3457,312
2026-09-18 09:13:02.500,3458,3459,82,165,3458,247
2026-09-18 09:13:03.000,3460,3461,104,176,3460,280
2026-09-18 09:13:03.500,3460,3462,66,160,3461,226
2026-09-18 09:13:04.000,3462,3464,26,199,3463,225
2026-09-18 09:13:04.500,3462,3464,95,132,3463,227
2026-09-18 09:13:05.000,3462,3464,75,218,3463,293
2026-09-18 09:13:05.500,3464,3465,98,158,3464,256
2026-09-18 09:13:06.000,3464,3466,91,176,3465,267
2026-09-18 09:13:06.500,3466,3467,88,201,3466,289
2026-09-18 09:13:07.000,3466,3468,88,226,3467,314
2026-09-18 09:13:07.500,3468,3470,117,285,3469,402
2026-09-18 09:13:08.000,3468,3470,122,256,3469,378
2026-09-18 09:13:08.500,3468,3469,134,190,3468,324
2026-09-18 09:13:09.000,3468,3469,108,172,3468,280
2026-09-18 09:13:09.500,3468,3470,65,226,3469,291
2026-09-18 09:13:10.000,3474,3475,93,143,3474,236
2026-09-18 09:13:10.500,3474,3475,93,210,3474,303
2026-09-18 09:13:11.000,3474,3475,60,210,3474,270
2026-09-18 09:13:11.500,3472,3473,156,194,3472,350
2026-09-18 09:13:12.000,3469,3471,119,167,3470,286
2026-09-18 09:13:12.500,3470,3471,141,332,3470,473
2026-09-18 09:13:13.000,3472,3473,99,194,3472,293
2026-09-18 09:13:13.500,3470,3472,88,228,3471,316
2026-09-18 09:13:14.000,3472,3473,78,232,3472,310
2026-09-18 09:13:14.500,3470,3472,111,211,3471,322
2026-09-18 09:13:15.000,3472,3474,73,147,3473,220
2026-09-18 09:13:15.500,3472,3474,61,214,3473,275
2026-09-18 09:13:16.000,3472,3473,149,204,3472,353
2026-09-18 09:13:16.500,3472,3473,110,206,3472,316
2026-09-18 09:13:17.000,3472,3473,1,114,3472,115
2026-09-18 09:13:17.500,3469,3471,50,161,3470,211
2026-09-18 09:13:18.000,3468,3470,1,193,3469,194
2026-09-18 09:13:18.500,3470,3472,30,236,3471,266
2026-09-18 09:13:19.000,3470,3471,53,194,3470,247
2026-09-18 09:13:19.500,3468,3470,87,218,3469,305
2026-09-18 09:13:20.000,3468,3469,14,238,3468,252
2026-09-18 09:13:20.500,3468,3470,68,208,3469,276
2026-09-18 09:13:21.000,3470,3471,36,208,3470,244
2026-09-18 09:13:21.500,3468,3470,67,153,3469,220
2026-09-18 09:13:22.000,3470,3471,150,199,3470,349
2026-09-18 09:13:22.500,3468,3469,132,139,3468,271
2026-09-18 09:13:23.000,3468,3469,117,162,3468,279
2026-09-18 09:13:23.500,3467,3469,103,148,3468,251
2026-09-18 09:13:24.000,3468,3469,48,140,3468,188
2026-09-18 09:13:24.500,3464,3466,52,156,3465,208
2026-09-18 09:13:25.000,3464,3466,99,178,3465,277
2026-09-18 09:13:25.500,3464,3466,129,149,3465,278
2026-09-18 09:13:26.000,3460,3462,35,182,3461,217
2026-09-18 09:13:26.500,3460,3462,66,197,3461,263
2026-09-18 09:13:27.000,3461,3463,28,146,3462,174
2026-09-18 09:13:27.500,3462,3463,175,154,3462,329
2026-09-18 09:13:28.000,3460,3462,68,164,3461,232
2026-09-18 09:13:28.500,3458,3459,63,255,3458,318
2026-09-18 09:13:29.000,3458,3460,49,179,3459,228
2026-09-18 09:13:29.500,3456,3457,41,221,3456,262
2026-09-18 09:13:30.000,3456,3457,138,172,3456,310
2026-09-18 09:13:30.500,3454,3455,129,208,3454,337
2026-09-18 09:13:31.000,3454,3456,87,244,3455,331
2026-09-18 09:13:31.500,3454,3455,61,173,3454,234
2026-09-18 09:13:32.000,3456,3458,75,271,3457,346
2026-09-18 09:13:32.500,3455,3457,143,288,3456,431
2026-09-18 09:13:33.000,3454,3456,90,87,3455,177
2026-09-18 09:13:33.500,3454,3456,73,238,3455,311
2026-09-18 09:13:34.000,3454,3455,32,231,3454,263
2026-09-18 09:13:34.500,3454,3456,82,232,3455,314
2026-09-18 09:13:35.000,3452,3454,41,205,3453,246
2026-09-18 09:13:35.500,3450,3452,106,252,3451,358
2026-09-18 09:13:36.000,3450,3452,130,144,3451,274
2026-09-18 09:13:36.500,3451,3453,127,182,3452,309
2026-09-18 09:13:37.000,3449,3451,84,208,3450,292
2026-09-18 09:13:37.500,3449,3451,115,234,3450,349
2026-09-18 09:13:38.000,3450,3451,158,150,3450,308
2026-09-18 09:13:38.500,3447,3449,134,255,3448,389
2026-09-18 09:13:39.000,3448,3449,93,92,3448,185
2026-09-18 09:13:39.500,3447,3449,151,76,3448,227
2026-09-18 09:13:40.000,3450,3451,28,13,3450,41
2026-09-18 09:13:40.500,3448,3449,108,70,3448,178
2026-09-18 09:13:41.000,3450,3452,133,74,3451,207
2026-09-18 09:13:41.500,3452,3453,133,150,3452,283
2026-09-18 09:13:42.000,3452,3453,58,137,3452,195
2026-09-18 09:13:42.500,3452,3454,147,72,3453,219
2026-09-18 09:13:43.000,3454,3455,121,107,3454,228
2026-09-18 09:13:43.500,3454,3456,136,98,3455,234
2026-09-18 09:13:44.000,3456,3457,134,157,3456,291
2026-09-18 09:13:44.500,3456,3457,151,154,3456,305
2026-09-18 09:13:45.000,3452,3453,163,121,3452,284
2026-09-18 09:13:45.500,3454,3455,146,85,3454,231
2026-09-18 09:13:46.000,3452,3453,115,108,3452,223
2026-09-18 09:13:46.500,3450,3452,160,69,3451,229
2026-09-18 09:13:47.000,3452,3453,155,136,3452,291
2026-09-18 09:13:47.500,3450,3452,170,128,3451,298
2026-09-18 09:13:48.000,3450,3452,166,109,3451,275
2026-09-18 09:13:48.500,3452,3453,116,182,3452,298
2026-09-18 09:13:49.000,3452,3453,89,97,3452,186
2026-09-18 09:13:49.500,3452,3454,158,81,3453,239
2026-09-18 09:13:50.000,3452,3454,110,112,3453,222
2026-09-18 09:13:50.500,3453,3455,128,126,3454,254
2026-09-18 09:13:51.000,3452,3454,110,84,3453,194
2026-09-18 09:13:51.500,3454,3455,171,102,3454,273
2026-09-18 09:13:52.000,3454,3455,137,128,3454,265
2026-09-18 09:13:52.500,3456,3458,142,72,3457,214
2026-09-18 09:13:53.000,3454,3456,123,29,3455,152
2026-09-18 09:13:53.500,3454,3456,189,155,3455,344
2026-09-18 09:13:54.000,3454,3456,171,157,3455,328
2026-09-18 09:13:54.500,3453,3455,148,178,3454,326
2026-09-18 09:13:55.000,3454,3456,171,72,3455,243
2026-09-18 09:13:55.500,3452,3454,77,22,3453,99
2026-09-18 09:13:56.000,3450,3452,142,93,3451,235
2026-09-18 09:13:56.500,3449,3451,193,108,3450,301
2026-09-18 09:13:57.000,3450,3452,165,91,3451,256
2026-09-18 09:13:57.500,3452,3453,191,82,3452,273
2026-09-18 09:13:58.000,3454,3456,66,80,3455,146
2026-09-18 09:13:58.500,3454,3456,148,100,3455,248
2026-09-18 09:13:59.000,3456,3458,165,134,3457,299
2026-09-18 09:13:59.500,3458,3459,168,120,3458,288
2026-09-18 09:14:00.000,3458,3460,124,61,3459,185
2026-09-18 09:14:00.500,3460,3461,106,131,3460,237
2026-09-18 09:14:01.000,3457,3459,212,109,3458,321
2026-09-18 09:14:01.500,3456,3458,176,51,3457,227
2026-09-18 09:14:02.000,3455,3457,127,141,3456,268
2026-09-18 09:14:02.500,3454,3456,174,23,3455,197
2026-09-18 09:14:03.000,3455,3457,109,102,3456,211
2026-09-18 09:14:03.500,3458,3459,143,33,3458,176
2026-09-18 09:14:04.000,3460,3461,183,132,3460,315
2026-09-18 09:14:04.500,3460,3461,126,134,3460,260
2026-09-18 09:14:05.000,3458,3460,146,59,3459,205
2026-09-18 09:14:05.500,3460,3461,178,113,3460,291
2026-09-18 09:14:06.000,3456,3458,216,100,3457,316
2026-09-18 09:14:06.500,3455,3457,150,78,3456,228
2026-09-18 09:14:07.000,3456,3457,93,30,3456,123
2026-09-18 09:14:07.500,3454,3456,144,122,3455,266
2026-09-18 09:14:08.000,3453,3455,153,171,3454,324
2026-09-18 09:14:08.500,3456,3458,127,121,3457,248
2026-09-18 09:14:09.000,3456,3457,119,84,3456,203
2026-09-18 09:14:09.500,3458,3459,137,186,3458,323
2026-09-18 09:14:10.000,3458,3460,167,139,3459,306
2026-09-18 09:14:10.500,3460,3461,117,95,3460,212
2026-09-18 09:14:11.000,3460,3462,91,71,3461,162
2026-09-18 09:14:11.500,3458,3459,90,83,3458,173
2026-09-18 09:14:12.000,3458,3460,90,157,3459,247
2026-09-18 09:14:12.500,3460,3462,111,122,3461,233
2026-09-18 09:14:13.000,3458,3460,114,165,3459,279
2026-09-18 09:14:13.500,3460,3462,144,117,3461,261
2026-09-18 09:14:14.000,3460,3461,133,220,3460,353
2026-09-18 09:14:14.500,3460,3462,157,196,3461,353
2026-09-18 09:14:15.000,3462,3464,148,128,3463,276
2026-09-18 09:14:15.500,3462,3463,109,168,3462,277
2026-09-18 09:14:16.000,3460,3462,211,136,3461,347
2026-09-18 09:14:16.500,3462,3463,122,141,3462,263
2026-09-18 09:14:17.000,3460,3462,37,159,3461,196
2026-09-18 09:14:17.500,3462,3464,179,84,3463,263
2026-09-18 09:14:18.000,3462,3463,92,98,3462,190
2026-09-18 09:14:18.500,3462,3464,115,68,3463,183
2026-09-18 09:14:19.000,3460,3461,103,183,3460,286
2026-09-18 09:14:19.500,3458,3460,192,68,3459,260
2026-09-18 09:14:20.000,3458,3459,150,75,3458,225
2026-09-18 09:14:20.500,3460,3461,159,157,3460,316
2026-09-18 09:14:21.000,3458,3460,142,129,3459,271
2026-09-18 09:14:21.500,3460,3461,88,65,3460,153
2026-09-18 09:14:22.000,3460,3461,118,129,3460,247
2026-09-18 09:14:22.500,3462,3463,108,134,3462,242
2026-09-18 09:14:23.000,3462,3463,198,167,3462,365
2026-09-18 09:14:23.500,3460,3462,152,77,3461,229
2026-09-18 09:14:24.000,3458,3459,143,71,3458,214
2026-09-18 09:14:24.500,3460,3462,106,147,3461,253
2026-09-18 09:14:25.000,3462,3464,195,149,3463,344
2026-09-18 09:14:25.500,3462,3463,88,115,3462,203
2026-09-18 09:14:26.000,3462,3463,178,130,3462,308
2026-09-18 09:14:26.500,3460,3462,160,148,3461,308
2026-09-18 09:14:27.000,3460,3462,105,41,3461,146
2026-09-18 09:14:27.500,3460,3461,88,64,3460,152
2026-09-18 09:14:28.000,3460,3461,74,37,3460,111
2026-09-18 09:14:28.500,3458,3459,83,141,3458,224
2026-09-18 09:14:29.000,3458,3460,113,145,3459,258
2026-09-18 09:14:29.500,3462,3464,117,144,3463,261
2026-09-18 09:14:30.000,3462,3464,125,181,3463,306
2026-09-18 09:14:30.500,3461,3463,123,34,3462,157
2026-09-18 09:14:31.000,3464,3466,50,136,3465,186
2026-09-18 09:14:31.500,3464,3466,85,71,3465,156
2026-09-18 09:14:32.000,3466,3467,172,139,3466,311
2026-09-18 09:14:32.500,3465,3467,52,192,3466,244
2026-09-18 09:14:33.000,3464,3466,151,145,3465,296
2026-09-18 09:14:33.500,3466,3467,172,166,3466,338
2026-09-18 09:14:34.000,3466,3468,85,143,3467,228
2026-09-18 09:14:34.500,3468,3470,108,35,3469,143
2026-09-18 09:14:35.000,3470,3471,122,144,3470,266
2026-09-18 09:14:35.500,3470,3471,122,69,3470,191
2026-09-18 09:14:36.000,3470,3472,146,112,3471,258
2026-09-18 09:14:36.500,3470,3471,202,66,3470,268
2026-09-18 09:14:37.000,3469,3471,68,96,3470,164
2026-09-18 09:14:37.500,3468,3470,136,51,3469,187
2026-09-18 09:14:38.000,3468,3470,93,125,3469,218
2026-09-18 09:14:38.500,3470,3472,115,38,3471,153
2026-09-18 09:14:39.000,3467,3469,112,115,3468,227
2026-09-18 09:14:39.500,3470,3471,162,95,3470,257
2026-09-18 09:14:40.000,3470,3471,118,133,3470,251
2026-09-18 09:14:40.500,3470,3472,151,155,3471,306
2026-09-18 09:14:41.000,3470,3472,173,50,3471,223
2026-09-18 09:14:41.500,3472,3473,105,84,3472,189
2026-09-18 09:14:42.000,3472,3474,153,85,3473,238
2026-09-18 09:14:42.500,3472,3474,88,140,3473,228
2026-09-18 09:14:43.000,3472,3473,149,93,3472,242
2026-09-18 09:14:43.500,3470,3472,114,187,3471,301
2026-09-18 09:14:44.000,3470,3472,117,78,3471,195
2026-09-18 09:14:44.500,3468,3469,123,58,3468,181
2026-09-18 09:14:45.000,3470,3472,148,102,3471,250
2026-09-18 09:14:45.500,3471,3473,81,80,3472,161
2026-09-18 09:14:46.000,3471,3473,101,91,3472,192
2026-09-18 09:14:46.500,3472,3474,144,104,3473,248
2026-09-18 09:14:47.000,3474,3475,115,192,3474,307
2026-09-18 09:14:47.500,3474,3475,168,122,3474,290
2026-09-18 09:14:48.000,3474,3475,206,124,3474,330
2026-09-18 09:14:48.500,3470,3472,142,63,3471,205
2026-09-18 09:14:49.000,3468,3470,36,74,3469,110
2026-09-18 09:14:49.500,3467,3469,198,86,3468,284
2026-09-18 09:14:50.000,3468,3470,126,99,3469,225
2026-09-18 09:14:50.500,3470,3471,128,159,3470,287
2026-09-18 09:14:51.000,3472,3473,111,91,3472,202
2026-09-18 09:14:51.500,3470,3472,191,185,3471,376
2026-09-18 09:14:52.000,3468,3469,110,112,3468,222
2026-09-18 09:14:52.500,3468,3469,102,106,3468,208
2026-09-18 09:14:53.000,3468,3469,123,96,3468,219
2026-09-18 09:14:53.500,3468,3470,115,73,3469,188
2026-09-18 09:14:54.000,3472,3473,129,99,3472,228
2026-09-18 09:14:54.500,3472,3473,161,59,3472,220
2026-09-18 09:14:55.000,3472,3474,143,59,3473,202
2026-09-18 09:14:55.500,3472,3473,86,172,3472,258
2026-09-18 09:14:56.000,3472,3473,108,121,3472,229
2026-09-18 09:14:56.500,3472,3473,161,95,3472,256
2026-09-18 09:14:57.000,3472,3474,160,141,3473,301
2026-09-18 09:14:57.500,3470,3472,133,97,3471,230
2026-09-18 09:14:58.000,3468,3470,133,110,3469,243
2026-09-18 09:14:58.500,3468,3469,57,138,3468,195
2026-09-18 09:14:59.000,3466,3468,113,186,3467,299
2026-09-18 09:14:59.500,3466,3468,152,202,3467,354
2026-09-18 09:15:00.000,3467,3469,55,131,3468,186
2026-09-18 09:15:00.500,3468,3470,1,222,3469,223
2026-09-18 09:15:01.000,3466,3468,75,209,3467,284
2026-09-18 09:15:01.500,3466,3468,76,245,3467,321
2026-09-18 09:15:02.000,3468,3470,82,223,3469,305
2026-09-18 09:15:02.500,3470,3471,93,190,3470,283
2026-09-18 09:15:03.000,3470,3472,26,205,3471,231
2026-09-18 09:15:03.500,3470,3472,1,171,3471,172
2026-09-18 09:15:04.000,3472,3474,94,146,3473,240
2026-09-18 09:15:04.500,3472,3474,138,225,3473,363
2026-09-18 09:15:05.000,3470,3472,99,219,3471,318
2026-09-18 09:15:05.500,3471,3473,111,218,3472,329
2026-09-18 09:15:06.000,3470,3472,81,152,3471,233
2026-09-18 09:15:06.500,3472,3473,184,152,3472,336
2026-09-18 09:15:07.000,3470,3472,100,213,3471,313
2026-09-18 09:15:07.500,3470,3471,63,225,3470,288
2026-09-18 09:15:08.000,3470,3472,94,167,3471,261
2026-09-18 09:15:08.500,3470,3472,103,218,3471,321
2026-09-18 09:15:09.000,3469,3471,40,232,3470,272
2026-09-18 09:15:09.500,3472,3473,97,225,3472,322
2026-09-18 09:15:10.000,3470,3471,106,237,3470,343
2026-09-18 09:15:10.500,3470,3472,59,173,3471,232
2026-09-18 09:15:11.000,3474,3476,128,157,3475,285
2026-09-18 09:15:11.500,3474,3475,128,225,3474,353
2026-09-18 09:15:12.000,3472,3473,71,133,3472,204
2026-09-18 09:15:12.500,3472,3473,4,88,3472,92
2026-09-18 09:15:13.000,3472,3473,42,191,3472,233
2026-09-18 09:15:13.500,3470,3472,97,207,3471,304
2026-09-18 09:15:14.000,3470,3472,123,206,3471,329
2026-09-18 09:15:14.500,3468,3470,61,242,3469,303
2026-09-18 09:15:15.000,3468,3470,135,170,3469,305
2026-09-18 09:15:15.500,3468,3469,118,92,3468,210
2026-09-18 09:15:16.000,3470,3471,77,185,3470,262
2026-09-18 09:15:16.500,3468,3470,89,102,3469,191
2026-09-18 09:15:17.000,3466,3468,83,115,3467,198
2026-09-18 09:15:17.500,3466,3468,1,251,3467,252
2026-09-18 09:15:18.000,3466,3468,94,230,3467,324
2026-09-18 09:15:18.500,3468,3469,130,169,3468,299
2026-09-18 09:15:19.000,3466,3468,108,169,3467,277
2026-09-18 09:15:19.500,3468,3470,136,227,3469,363
2026-09-18 09:15:20.000,3470,3471,132,106,3470,238
2026-09-18 09:15:20.500,3468,3470,130,175,3469,305
2026-09-18 09:15:21.000,3468,3470,35,191,3469,226
2026-09-18 09:15:21.500,3468,3469,57,168,3468,225
2026-09-18 09:15:22.000,3465,3467,1,226,3466,227
2026-09-18 09:15:22.500,3462,3464,73,246,3463,319
2026-09-18 09:15:23.000,3462,3464,87,196,3463,283
2026-09-18 09:15:23.500,3462,3464,121,160,3463,281
2026-09-18 09:15:24.000,3462,3464,116,207,3463,323
2026-09-18 09:15:24.500,3464,3466,117,164,3465,281
2026-09-18 09:15:25.000,3464,3465,76,144,3464,220
2026-09-18 09:15:25.500,3464,3465,1,167,3464,168
2026-09-18 09:15:26.000,3468,3469,89,203,3468,292
2026-09-18 09:15:26.500,3468,3470,32,121,3469,153
2026-09-18 09:15:27.000,3468,3469,70,221,3468,291
2026-09-18 09:15:27.500,3472,3473,112,228,3472,340
2026-09-18 09:15:28.000,3470,3472,42,172,3471,214
2026-09-18 09:15:28.500,3472,3473,55,187,3472,242
2026-09-18 09:15:29.000,3474,3475,37,178,3474,215
2026-09-18 09:15:29.500,3474,3475,83,234,3474,317
2026-09-18 09:15:30.000,3472,3474,98,133,3473,231
2026-09-18 09:15:30.500,3470,3472,82,162,3471,244
2026-09-18 09:15:31.000,3470,3471,128,190,3470,318
2026-09-18 09:15:31.500,3470,3472,125,197,3471,322
2026-09-18 09:15:32.000,3472,3474,119,156,3473,275
2026-09-18 09:15:32.500,3472,3474,1,251,3473,252
2026-09-18 09:15:33.000,3472,3474,71,193,3473,264
2026-09-18 09:15:33.500,3470,3472,105,170,3471,275
2026-09-18 09:15:34.000,3473,3475,108,224,3474,332
2026-09-18 09:15:34.500,3474,3476,106,174,3475,280
2026-09-18 09:15:35.000,3474,3475,89,224,3474,313
2026-09-18 09:15:35.500,3474,3475,101,187,3474,288
2026-09-18 09:15:36.000,3472,3474,126,176,3473,302
2026-09-18 09:15:36.500,3472,3474,17,204,3473,221
2026-09-18 09:15:37.000,3472,3474,91,154,3473,245
2026-09-18 09:15:37.500,3472,3474,101,173,3473,274
2026-09-18 09:15:38.000,3470,3472,8,229,3471,237
2026-09-18 09:15:38.500,3472,3473,129,204,3472,333
2026-09-18 09:15:39.000,3470,3472,17,216,3471,233
2026-09-18 09:15:39.500,3470,3471,92,258,3470,350
2026-09-18 09:15:40.000,3472,3474,42,235,3473,277
2026-09-18 09:15:40.500,3472,3473,26,144,3472,170
2026-09-18 09:15:41.000,3472,3473,28,102,3472,130
2026-09-18 09:15:41.500,3476,3477,97,150,3476,247
2026-09-18 09:15:42.000,3474,3475,95,126,3474,221
2026-09-18 09:15:42.500,3474,3476,141,195,3475,336
2026-09-18 09:15:43.000,3472,3474,36,224,3473,260
2026-09-18 09:15:43.500,3473,3475,50,188,3474,238
2026-09-18 09:15:44.000,3474,3476,165,222,3475,387
2026-09-18 09:15:44.500,3474,3476,120,139,3475,259
2026-09-18 09:15:45.000,3472,3474,21,198,3473,219
2026-09-18 09:15:45.500,3469,3471,105,124,3470,229
2026-09-18 09:15:46.000,3472,3474,21,161,3473,182
2026-09-18 09:15:46.500,3472,3473,76,191,3472,267
2026-09-18 09:15:47.000,3470,3472,42,164,3471,206
2026-09-18 09:15:47.500,3472,3474,148,187,3473,335
2026-09-18 09:15:48.000,3470,3472,104,163,3471,267
2026-09-18 09:15:48.500,3472,3474,141,174,3473,315
2026-09-18 09:15:49.000,3474,3475,89,192,3474,281
2026-09-18 09:15:49.500,3473,3475,87,155,3474,242
2026-09-18 09:15:50.000,3474,3475,150,185,3474,335
2026-09-18 09:15:50.500,3472,3474,150,177,3473,327
2026-09-18 09:15:51.000,3472,3473,26,178,3472,204
2026-09-18 09:15:51.500,3468,3470,16,211,3469,227
2026-09-18 09:15:52.000,3470,3471,107,140,3470,247
2026-09-18 09:15:52.500,3466,3468,177,269,3467,446
2026-09-18 09:15:53.000,3466,3468,97,139,3467,236
2026-09-18 09:15:53.500,3466,3467,79,244,3466,323
2026-09-18 09:15:54.000,3466,3467,133,196,3466,329
2026-09-18 09:15:54.500,3468,3469,61,191,3468,252
2026-09-18 09:15:55.000,3468,3470,55,180,3469,235
2026-09-18 09:15:55.500,3468,3469,115,257,3468,372
2026-09-18 09:15:56.000,3469,3471,93,146,3470,239
2026-09-18 09:15:56.500,3470,3471,105,197,3470,302
2026-09-18 09:15:57.000,3470,3472,82,167,3471,249
2026-09-18 09:15:57.500,3468,3470,125,210,3469,335
2026-09-18 09:15:58.000,3468,3470,119,230,3469,349
2026-09-18 09:15:58.500,3468,3470,199,237,3469,436
2026-09-18 09:15:59.000,3468,3470,50,156,3469,206
2026-09-18 09:15:59.500,3468,3470,102,215,3469,317
2026-09-18 09:16:00.000,3468,3470,81,223,3469,304
2026-09-18 09:16:00.500,3470,3472,55,136,3471,191
2026-09-18 09:16:01.000,3472,3473,86,247,3472,333
2026-09-18 09:16:01.500,3472,3474,92,185,3473,277
2026-09-18 09:16:02.000,3472,3473,91,204,3472,295
2026-09-18 09:16:02.500,3474,3476,107,164,3475,271
2026-09-18 09:16:03.000,3474,3476,174,190,3475,364
2026-09-18 09:16:03.500,3472,3474,112,238,3473,350
2026-09-18 09:16:04.000,3472,3474,24,182,3473,206
2026-09-18 09:16:04.500,3471,3473,58,192,3472,250
2026-09-18 09:16:05.000,3472,3473,91,173,3472,264
2026-09-18 09:16:05.500,3472,3474,126,147,3473,273
2026-09-18 09:16:06.000,3472,3473,33,161,3472,194
2026-09-18 09:16:06.500,3472,3474,51,165,3473,216
2026-09-18 09:16:07.000,3472,3473,1,180,3472,181
2026-09-18 09:16:07.500,3472,3473,107,204,3472,311
2026-09-18 09:16:08.000,3472,3473,80,137,3472,217
2026-09-18 09:16:08.500,3474,3475,137,177,3474,314
2026-09-18 09:16:09.000,3472,3474,33,146,3473,179
2026-09-18 09:16:09.500,3474,3475,141,179,3474,320
2026-09-18 09:16:10.000,3474,3475,64,132,3474,196
2026-09-18 09:16:10.500,3474,3476,31,111,3475,142
2026-09-18 09:16:11.000,3476,3478,88,190,3477,278
2026-09-18 09:16:11.500,3474,3475,35,256,3474,291
2026-09-18 09:16:12.000,3474,3475,27,202,3474,229
2026-09-18 09:16:12.500,3472,3474,119,239,3473,358
2026-09-18 09:16:13.000,3472,3474,131,190,3473,321
2026-09-18 09:16:13.500,3474,3475,99,207,3474,306
2026-09-18 09:16:14.000,3476,3478,23,111,3477,134
2026-09-18 09:16:14.500,3477,3479,53,130,3478,183
2026-09-18 09:16:15.000,3480,3481,97,235,3480,332
2026-09-18 09:16:15.500,3480,3481,124,153,3480,277
2026-09-18 09:16:16.000,3480,3481,145,165,3480,310
2026-09-18 09:16:16.500,3478,3480,67,202,3479,269
2026-09-18 09:16:17.000,3480,3482,115,178,3481,293
2026-09-18 09:16:17.500,3480,3482,127,238,3481,365
2026-09-18 09:16:18.000,3480,3482,63,165,3481,228
2026-09-18 09:16:18.500,3480,3481,36,176,3480,212
2026-09-18 09:16:19.000,3480,3482,41,227,3481,268
2026-09-18 09:16:19.500,3482,3483,3,168,3482,171
2026-09-18 09:16:20.000,3482,3483,1,221,3482,222
2026-09-18 09:16:20.500,3482,3483,100,205,3482,305
2026-09-18 09:16:21.000,3482,3484,127,174,3483,301
2026-09-18 09:16:21.500,3484,3485,126,164,3484,290
2026-09-18 09:16:22.000,3484,3485,106,112,3484,218
2026-09-18 09:16:22.500,3484,3486,13,219,3485,232
2026-09-18 09:16:23.000,3484,3486,25,199,3485,224
2026-09-18 09:16:23.500,3484,3486,40,262,3485,302
2026-09-18 09:16:24.000,3486,3487,100,160,3486,260
2026-09-18 09:16:24.500,3486,3487,82,245,3486,327
2026-09-18 09:16:25.000,3486,3487,173,179,3486,352
2026-09-18 09:16:25.500,3480,3482,150,202,3481,352
2026-09-18 09:16:26.000,3482,3483,36,145,3482,181
2026-09-18 09:16:26.500,3480,3482,40,234,3481,274
2026-09-18 09:16:27.000,3478,3480,31,163,3479,194
2026-09-18 09:16:27.500,3478,3480,45,176,3479,221
2026-09-18 09:16:28.000,3480,3481,109,173,3480,282
2026-09-18 09:16:28.500,3480,3481,113,250,3480,363
2026-09-18 09:16:29.000,3478,3479,125,248,3478,373
2026-09-18 09:16:29.500,3478,3480,68,180,3479,248
2026-09-18 09:16:30.000,3478,3480,93,166,3479,259
2026-09-18 09:16:30.500,3476,3478,102,186,3477,288
2026-09-18 09:16:31.000,3478,3479,61,204,3478,265
2026-09-18 09:16:31.500,3480,3481,84,130,3480,214
2026-09-18 09:16:32.000,3478,3480,134,150,3479,284
2026-09-18 09:16:32.500,3478,3479,75,172,3478,247
2026-09-18 09:16:33.000,3480,3481,218,183,3480,401
2026-09-18 09:16:33.500,3480,3482,88,194,3481,282
2026-09-18 09:16:34.000,3480,3482,82,216,3481,298
2026-09-18 09:16:34.500,3484,3485,84,258,3484,342
2026-09-18 09:16:35.000,3482,3484,82,203,3483,285
2026-09-18 09:16:35.500,3482,3483,57,161,3482,218
2026-09-18 09:16:36.000,3482,3483,75,216,3482,291
2026-09-18 09:16:36.500,3482,3483,86,257,3482,343
2026-09-18 09:16:37.000,3482,3483,96,141,3482,237
2026-09-18 09:16:37.500,3481,3483,78,145,3482,223
2026-09-18 09:16:38.000,3482,3483,99,200,3482,299
2026-09-18 09:16:38.500,3482,3484,66,157,3483,223
2026-09-18 09:16:39.000,3482,3484,52,210,3483,262
2026-09-18 09:16:39.500,3480,3482,52,166,3481,218
2026-09-18 09:16:40.000,3480,3481,90,196,3480,286
2026-09-18 09:16:40.500,3479,3481,148,179,3480,327
2026-09-18 09:16:41.000,3478,3480,115,199,3479,314
2026-09-18 09:16:41.500,3478,3479,52,192,3478,244
2026-09-18 09:16:42.000,3476,3477,18,113,3476,131
2026-09-18 09:16:42.500,3474,3476,96,158,3475,254
2026-09-18 09:16:43.000,3476,3478,137,139,3477,276
2026-09-18 09:16:43.500,3476,3478,98,212,3477,310
2026-09-18 09:16:44.000,3476,3478,143,252,3477,395
2026-09-18 09:16:44.500,3477,3479,169,151,3478,320
2026-09-18 09:16:45.000,3478,3480,46,236,3479,282
2026-09-18 09:16:45.500,3482,3484,106,64,3483,170
2026-09-18 09:16:46.000,3482,3484,87,155,3483,242
2026-09-18 09:16:46.500,3482,3484,36,223,3483,259
2026-09-18 09:16:47.000,3482,3483,12,174,3482,186
2026-09-18 09:16:47.500,3482,3484,107,183,3483,290
2026-09-18 09:16:48.000,3484,3485,74,152,3484,226
2026-09-18 09:16:48.500,3486,3487,43,158,3486,201
2026-09-18 09:16:49.000,3484,3486,82,185,3485,267
2026-09-18 09:16:49.500,3488,3489,79,141,3488,220
2026-09-18 09:16:50.000,3486,3488,154,87,3487,241
2026-09-18 09:16:50.500,3486,3487,44,240,3486,284
2026-09-18 09:16:51.000,3487,3489,136,136,3488,272
2026-09-18 09:16:51.500,3490,3491,126,179,3490,305
2026-09-18 09:16:52.000,3489,3491,55,194,3490,249
2026-09-18 09:16:52.500,3490,3491,122,181,3490,303
2026-09-18 09:16:53.000,3490,3491,41,216,3490,257
2026-09-18 09:16:53.500,3489,3491,31,117,3490,148
2026-09-18 09:16:54.000,3488,3489,1,177,3488,178
2026-09-18 09:16:54.500,3488,3489,173,219,3488,392
2026-09-18 09:16:55.000,3488,3489,67,235,3488,302
2026-09-18 09:16:55.500,3488,3490,115,249,3489,364
2026-09-18 09:16:56.000,3486,3488,150,161,3487,311
2026-09-18 09:16:56.500,3486,3487,75,148,3486,223
2026-09-18 09:16:57.000,3486,3487,96,155,3486,251
2026-09-18 09:16:57.500,3486,3488,43,161,3487,204
2026-09-18 09:16:58.000,3488,3489,100,147,3488,247
2026-09-18 09:16:58.500,3486,3488,107,122,3487,229
2026-09-18 09:16:59.000,3484,3486,45,207,3485,252
2026-09-18 09:16:59.500,3484,3485,107,187,3484,294
2026-09-18 09:17:00.000,3486,3487,124,224,3486,348
2026-09-18 09:17:00.500,3487,3489,50,197,3488,247
2026-09-18 09:17:01.000,3488,3489,78,181,3488,259
2026-09-18 09:17:01.500,3488,3489,96,207,3488,303
2026-09-18 09:17:02.000,3486,3488,65,214,3487,279
2026-09-18 09:17:02.500,3484,3486,113,167,3485,280
2026-09-18 09:17:03.000,3485,3487,67,178,3486,245
2026-09-18 09:17:03.500,3488,3489,1,271,3488,272
2026-09-18 09:17:04.000,3486,3487,77,220,3486,297
2026-09-18 09:17:04.500,3484,3486,99,105,3485,204
2026-09-18 09:17:05.000,3484,3485,92,196,3484,288
2026-09-18 09:17:05.500,3484,3486,104,146,3485,250
2026-09-18 09:17:06.000,3484,3486,85,239,3485,324
2026-09-18 09:17:06.500,3486,3487,127,256,3486,383
2026-09-18 09:17:07.000,3486,3488,121,146,3487,267
2026-09-18 09:17:07.500,3484,3486,48,225,3485,273
2026-09-18 09:17:08.000,3484,3486,88,219,3485,307
2026-09-18 09:17:08.500,3484,3485,119,235,3484,354
2026-09-18 09:17:09.000,3482,3484,139,239,3483,378
2026-09-18 09:17:09.500,3480,3481,70,266,3480,336
2026-09-18 09:17:10.000,3478,3479,131,130,3478,261
2026-09-18 09:17:10.500,3478,3480,52,136,3479,188
2026-09-18 09:17:11.000,3478,3480,119,26,3479,145
2026-09-18 09:17:11.500,3479,3481,62,162,3480,224
2026-09-18 09:17:12.000,3480,3481,99,188,3480,287
2026-09-18 09:17:12.500,3479,3481,10,95,3480,105
2026-09-18 09:17:13.000,3480,3482,132,181,3481,313
2026-09-18 09:17:13.500,3480,3482,83,108,3481,191
2026-09-18 09:17:14.000,3482,3484,108,163,3483,271
2026-09-18 09:17:14.500,3482,3484,66,205,3483,271
2026-09-18 09:17:15.000,3486,3487,46,211,3486,257
2026-09-18 09:17:15.500,3484,3486,1,240,3485,241
2026-09-18 09:17:16.000,3484,3486,33,252,3485,285
2026-09-18 09:17:16.500,3484,3486,53,204,3485,257
2026-09-18 09:17:17.000,3486,3487,80,184,3486,264
2026-09-18 09:17:17.500,3484,3486,79,173,3485,252
2026-09-18 09:17:18.000,3484,3486,164,162,3485,326
2026-09-18 09:17:18.500,3486,3487,1,250,3486,251
2026-09-18 09:17:19.000,3486,3488,56,115,3487,171
2026-09-18 09:17:19.500,3484,3485,39,118,3484,157
2026-09-18 09:17:20.000,3484,3485,150,172,3484,322
2026-09-18 09:17:20.500,3485,3487,33,177,3486,210
2026-09-18 09:17:21.000,3482,3484,103,151,3483,254
2026-09-18 09:17:21.500,3484,3485,1,229,3484,230
2026-09-18 09:17:22.000,3481,3483,115,171,3482,286
2026-09-18 09:17:22.500,3481,3483,89,173,3482,262
2026-09-18 09:17:23.000,3482,3484,37,135,3483,172
2026-09-18 09:17:23.500,3480,3482,112,129,3481,241
2026-09-18 09:17:24.000,3480,3482,85,222,3481,307
2026-09-18 09:17:24.500,3480,3481,21,155,3480,176
2026-09-18 09:17:25.000,3477,3479,77,239,3478,316
2026-09-18 09:17:25.500,3479,3481,90,206,3480,296
2026-09-18 09:17:26.000,3480,3481,117,181,3480,298
2026-09-18 09:17:26.500,3482,3483,84,182,3482,266
2026-09-18 09:17:27.000,3482,3484,1,208,3483,209
2026-09-18 09:17:27.500,3484,3485,103,213,3484,316
2026-09-18 09:17:28.000,3480,3482,123,169,3481,292
2026-09-18 09:17:28.500,3478,3480,78,162,3479,240
2026-09-18 09:17:29.000,3478,3480,62,218,3479,280
2026-09-18 09:17:29.500,3480,3481,130,198,3480,328
2026-09-18 09:17:30.000,3480,3481,138,122,3480,260
2026-09-18 09:17:30.500,3478,3480,151,212,3479,363
2026-09-18 09:17:31.000,3478,3480,75,116,3479,191
2026-09-18 09:17:31.500,3478,3479,92,206,3478,298
2026-09-18 09:17:32.000,3480,3482,61,117,3481,178
2026-09-18 09:17:32.500,3482,3484,49,199,3483,248
2026-09-18 09:17:33.000,3483,3485,58,188,3484,246
2026-09-18 09:17:33.500,3484,3485,93,230,3484,323
2026-09-18 09:17:34.000,3482,3483,151,117,3482,268
2026-09-18 09:17:34.500,3482,3484,57,130,3483,187
2026-09-18 09:17:35.000,3478,3479,74,145,3478,219
2026-09-18 09:17:35.500,3478,3480,99,90,3479,189
2026-09-18 09:17:36.000,3478,3480,73,192,3479,265
2026-09-18 09:17:36.500,3478,3480,152,113,3479,265
2026-09-18 09:17:37.000,3478,3480,49,183,3479,232
2026-09-18 09:17:37.500,3478,3479,23,205,3478,228
2026-09-18 09:17:38.000,3477,3479,100,188,3478,288
2026-09-18 09:17:38.500,3476,3477,49,168,3476,217
2026-09-18 09:17:39.000,3476,3477,96,163,3476,259
2026-09-18 09:17:39.500,3474,3475,26,177,3474,203
2026-09-18 09:17:40.000,3473,3475,92,96,3474,188
2026-09-18 09:17:40.500,3472,3473,104,169,3472,273
2026-09-18 09:17:41.000,3469,3471,75,133,3470,208
2026-09-18 09:17:41.500,3468,3470,101,169,3469,270
2026-09-18 09:17:42.000,3468,3469,68,246,3468,314
2026-09-18 09:17:42.500,3466,3467,127,219,3466,346
2026-09-18 09:17:43.000,3464,3466,18,101,3465,119
2026-09-18 09:17:43.500,3464,3466,60,200,3465,260
2026-09-18 09:17:44.000,3464,3465,103,197,3464,300
2026-09-18 09:17:44.500,3462,3464,96,217,3463,313
2026-09-18 09:17:45.000,3460,3462,122,201,3461,323
2026-09-18 09:17:45.500,3462,3463,21,183,3462,204
2026-09-18 09:17:46.000,3464,3465,90,148,3464,238
2026-09-18 09:17:46.500,3462,3463,41,202,3462,243
2026-09-18 09:17:47.000,3460,3461,108,204,3460,312
2026-09-18 09:17:47.500,3460,3461,46,137,3460,183
2026-09-18 09:17:48.000,3461,3463,124,200,3462,324
2026-09-18 09:17:48.500,3460,3461,79,142,3460,221
2026-09-18 09:17:49.000,3459,3461,149,108,3460,257
2026-09-18 09:17:49.500,3462,3463,103,201,3462,304
2026-09-18 09:17:50.000,3460,3462,169,165,3461,334
2026-09-18 09:17:50.500,3460,3461,70,182,3460,252
2026-09-18 09:17:51.000,3460,3462,1,202,3461,203
2026-09-18 09:17:51.500,3462,3463,1,169,3462,170
2026-09-18 09:17:52.000,3462,3464,45,157,3463,202
2026-09-18 09:17:52.500,3461,3463,144,199,3462,343
2026-09-18 09:17:53.000,3458,3460,42,189,3459,231
2026-09-18 09:17:53.500,3459,3461,13,182,3460,195
2026-09-18 09:17:54.000,3462,3464,93,143,3463,236
2026-09-18 09:17:54.500,3462,3464,16,179,3463,195
2026-09-18 09:17:55.000,3464,3466,118,187,3465,305
2026-09-18 09:17:55.500,3466,3467,132,241,3466,373
2026-09-18 09:17:56.000,3466,3468,21,127,3467,148
2026-09-18 09:17:56.500,3466,3468,38,286,3467,324
2026-09-18 09:17:57.000,3466,3468,65,1,3467,66
2026-09-18 09:17:57.500,3466,3467,66,188,3466,254
2026-09-18 09:17:58.000,3464,3466,73,159,3465,232
2026-09-18 09:17:58.500,3465,3467,178,169,3466,347
2026-09-18 09:17:59.000,3468,3469,133,215,3468,348
2026-09-18 09:17:59.500,3468,3469,66,186,3468,252
2026-09-18 09:18:00.000,3470,3471,56,133,3470,189
2026-09-18 09:18:00.500,3469,3471,62,232,3470,294
2026-09-18 09:18:01.000,3470,3472,92,187,3471,279
2026-09-18 09:18:01.500,3470,3471,78,202,3470,280
2026-09-18 09:18:02.000,3470,3472,152,154,3471,306
2026-09-18 09:18:02.500,3470,3472,133,166,3471,299
2026-09-18 09:18:03.000,3471,3473,87,259,3472,346
2026-09-18 09:18:03.500,3468,3470,67,222,3469,289
2026-09-18 09:18:04.000,3468,3469,87,156,3468,243
2026-09-18 09:18:04.500,3466,3468,102,170,3467,272
2026-09-18 09:18:05.000,3468,3470,61,254,3469,315
2026-09-18 09:18:05.500,3470,3472,40,145,3471,185
2026-09-18 09:18:06.000,3470,3471,112,136,3470,248
2026-09-18 09:18:06.500,3468,3470,134,188,3469,322
2026-09-18 09:18:07.000,3470,3472,26,204,3471,230
2026-09-18 09:18:07.500,3470,3471,35,189,3470,224
2026-09-18 09:18:08.000,3470,3471,144,162,3470,306
2026-09-18 09:18:08.500,3472,3473,144,212,3472,356
2026-09-18 09:18:09.000,3471,3473,79,158,3472,237
2026-09-18 09:18:09.500,3472,3474,90,170,3473,260
2026-09-18 09:18:10.000,3472,3474,29,187,3473,216
2026-09-18 09:18:10.500,3470,3472,50,213,3471,263
2026-09-18 09:18:11.000,3470,3472,8,235,3471,243
2026-09-18 09:18:11.500,3472,3473,71,194,3472,265
2026-09-18 09:18:12.000,3472,3473,108,156,3472,264
2026-09-18 09:18:12.500,3472,3473,151,180,3472,331
2026-09-18 09:18:13.000,3470,3472,118,267,3471,385
2026-09-18 09:18:13.500,3470,3472,76,155,3471,231
2026-09-18 09:18:14.000,3472,3474,147,188,3473,335
2026-09-18 09:18:14.500,3473,3475,173,25,3474,198
2026-09-18 09:18:15.000,3474,3476,137,126,3475,263
2026-09-18 09:18:15.500,3474,3476,157,72,3475,229
2026-09-18 09:18:16.000,3474,3475,267,169,3474,436
2026-09-18 09:18:16.500,3470,3472,199,94,3471,293
2026-09-18 09:18:17.000,3468,3469,201,92,3468,293
2026-09-18 09:18:17.500,3466,3468,127,62,3467,189
2026-09-18 09:18:18.000,3465,3467,197,44,3466,241
2026-09-18 09:18:18.500,3466,3467,204,40,3466,244
2026-09-18 09:18:19.000,3464,3466,189,150,3465,339
2026-09-18 09:18:19.500,3464,3466,192,23,3465,215
2026-09-18 09:18:20.000,3470,3472,243,107,3471,350
2026-09-18 09:18:20.500,3472,3473,186,139,3472,325
2026-09-18 09:18:21.000,3470,3472,207,64,3471,271
2026-09-18 09:18:21.500,3470,3471,129,55,3470,184
2026-09-18 09:18:22.000,3470,3472,212,115,3471,327
2026-09-18 09:18:22.500,3470,3471,208,64,3470,272
2026-09-18 09:18:23.000,3468,3470,245,53,3469,298
2026-09-18 09:18:23.500,3468,3470,134,55,3469,189
2026-09-18 09:18:24.000,3468,3470,151,146,3469,297
2026-09-18 09:18:24.500,3466,3468,193,182,3467,375
2026-09-18 09:18:25.000,3466,3468,173,90,3467,263
2026-09-18 09:18:25.500,3467,3469,191,112,3468,303
2026-09-18 09:18:26.000,3466,3468,157,85,3467,242
2026-09-18 09:18:26.500,3466,3468,186,1,3467,187
2026-09-18 09:18:27.000,3466,3468,150,137,3467,287
2026-09-18 09:18:27.500,3466,3468,201,81,3467,282
2026-09-18 09:18:28.000,3466,3468,173,32,3467,205
2026-09-18 09:18:28.500,3468,3469,161,62,3468,223
2026-09-18 09:18:29.000,3468,3469,177,93,3468,270
2026-09-18 09:18:29.500,3468,3469,179,61,3468,240
2026-09-18 09:18:30.000,3466,3468,132,136,3467,268
2026-09-18 09:18:30.500,3468,3470,225,23,3469,248
2026-09-18 09:18:31.000,3468,3469,219,100,3468,319
2026-09-18 09:18:31.500,3468,3469,163,4,3468,167
2026-09-18 09:18:32.000,3468,3469,130,116,3468,246
2026-09-18 09:18:32.500,3466,3468,166,105,3467,271
2026-09-18 09:18:33.000,3468,3470,244,138,3469,382
2026-09-18 09:18:33.500,3469,3471,138,114,3470,252
2026-09-18 09:18:34.000,3472,3473,79,74,3472,153
2026-09-18 09:18:34.500,3471,3473,97,108,3472,205
2026-09-18 09:18:35.000,3472,3474,173,5,3473,178
2026-09-18 09:18:35.500,3474,3476,235,92,3475,327
2026-09-18 09:18:36.000,3476,3477,163,96,3476,259
2026-09-18 09:18:36.500,3476,3478,215,1,3477,216
2026-09-18 09:18:37.000,3478,3479,169,98,3478,267
2026-09-18 09:18:37.500,3478,3479,191,58,3478,249
2026-09-18 09:18:38.000,3480,3481,164,51,3480,215
2026-09-18 09:18:38.500,3479,3481,137,85,3480,222
2026-09-18 09:18:39.000,3479,3481,145,45,3480,190
2026-09-18 09:18:39.500,3478,3480,141,13,3479,154
2026-09-18 09:18:40.000,3480,3481,137,59,3480,196
2026-09-18 09:18:40.500,3482,3483,134,68,3482,202
2026-09-18 09:18:41.000,3479,3481,156,65,3480,221
2026-09-18 09:18:41.500,3480,3482,174,78,3481,252
2026-09-18 09:18:42.000,3484,3485,183,84,3484,267
2026-09-18 09:18:42.500,3482,3483,92,111,3482,203
2026-09-18 09:18:43.000,3482,3484,128,1,3483,129
2026-09-18 09:18:43.500,3482,3484,51,46,3483,97
2026-09-18 09:18:44.000,3482,3483,169,89,3482,258
2026-09-18 09:18:44.500,3480,3481,125,78,3480,203
2026-09-18 09:18:45.000,3478,3480,139,136,3479,275
2026-09-18 09:18:45.500,3480,3481,178,65,3480,243
2026-09-18 09:18:46.000,3482,3483,193,66,3482,259
2026-09-18 09:18:46.500,3479,3481,194,51,3480,245
2026-09-18 09:18:47.000,3478,3480,244,126,3479,370
2026-09-18 09:18:47.500,3478,3480,177,136,3479,313
2026-09-18 09:18:48.000,3480,3481,116,101,3480,217
2026-09-18 09:18:48.500,3480,3482,96,28,3481,124
2026-09-18 09:18:49.000,3482,3484,149,144,3483,293
2026-09-18 09:18:49.500,3480,3481,170,109,3480,279
2026-09-18 09:18:50.000,3480,3481,196,127,3480,323
2026-09-18 09:18:50.500,3478,3480,179,148,3479,327
2026-09-18 09:18:51.000,3479,3481,138,139,3480,277
2026-09-18 09:18:51.500,3478,3480,208,75,3479,283
2026-09-18 09:18:52.000,3477,3479,228,68,3478,296
2026-09-18 09:18:52.500,3478,3479,162,119,3478,281
2026-09-18 09:18:53.000,3480,3481,240,82,3480,322
2026-09-18 09:18:53.500,3477,3479,206,149,3478,355
2026-09-18 09:18:54.000,3476,3478,225,62,3477,287
2026-09-18 09:18:54.500,3476,3478,129,19,3477,148
2026-09-18 09:18:55.000,3480,3481,164,89,3480,253
2026-09-18 09:18:55.500,3480,3482,152,82,3481,234
2026-09-18 09:18:56.000,3480,3482,117,145,3481,262
2026-09-18 09:18:56.500,3480,3482,175,64,3481,239
2026-09-18 09:18:57.000,3482,3483,185,101,3482,286
2026-09-18 09:18:57.500,3482,3483,136,63,3482,199
2026-09-18 09:18:58.000,3481,3483,204,87,3482,291
2026-09-18 09:18:58.500,3482,3483,166,71,3482,237
2026-09-18 09:18:59.000,3480,3482,204,184,3481,388
2026-09-18 09:18:59.500,3482,3484,138,13,3483,151
2026-09-18 09:19:00.000,3484,3485,227,87,3484,314
2026-09-18 09:19:00.500,3482,3484,231,47,3483,278
2026-09-18 09:19:01.000,3482,3484,243,60,3483,303
2026-09-18 09:19:01.500,3480,3482,185,20,3481,205
2026-09-18 09:19:02.000,3480,3481,145,96,3480,241
2026-09-18 09:19:02.500,3478,3480,204,67,3479,271
2026-09-18 09:19:03.000,3476,3478,261,3,3477,264
2026-09-18 09:19:03.500,3474,3476,196,33,3475,229
2026-09-18 09:19:04.000,3476,3477,195,66,3476,261
2026-09-18 09:19:04.500,3476,3477,192,130,3476,322
2026-09-18 09:19:05.000,3476,3478,90,83,3477,173
2026-09-18 09:19:05.500,3475,3477,152,36,3476,188
2026-09-18 09:19:06.000,3476,3477,186,92,3476,278
2026-09-18 09:19:06.500,3476,3478,122,52,3477,174
2026-09-18 09:19:07.000,3474,3476,96,1,3475,97
2026-09-18 09:19:07.500,3476,3477,168,91,3476,259
2026-09-18 09:19:08.000,3476,3477,169,20,3476,189
2026-09-18 09:19:08.500,3476,3478,109,12,3477,121
2026-09-18 09:19:09.000,3474,3475,203,32,3474,235
2026-09-18 09:19:09.500,3474,3476,106,63,3475,169
2026-09-18 09:19:10.000,3472,3474,164,116,3473,280
2026-09-18 09:19:10.500,3472,3474,114,142,3473,256
2026-09-18 09:19:11.000,3470,3472,133,142,3471,275
2026-09-18 09:19:11.500,3470,3471,132,42,3470,174
2026-09-18 09:19:12.000,3468,3470,199,116,3469,315
2026-09-18 09:19:12.500,3468,3469,154,56,3468,210
2026-09-18 09:19:13.000,3467,3469,98,126,3468,224
2026-09-18 09:19:13.500,3467,3469,154,1,3468,155
2026-09-18 09:19:14.000,3466,3468,154,71,3467,225
2026-09-18 09:19:14.500,3466,3467,143,50,3466,193
2026-09-18 09:19:15.000,3464,3466,82,1,3465,83
2026-09-18 09:19:15.500,3464,3466,227,88,3465,315
2026-09-18 09:19:16.000,3464,3466,175,116,3465,291
2026-09-18 09:19:16.500,3464,3465,187,124,3464,311
2026-09-18 09:19:17.000,3460,3462,167,93,3461,260
2026-09-18 09:19:17.500,3462,3463,187,131,3462,318
2026-09-18 09:19:18.000,3464,3465,211,52,3464,263
2026-09-18 09:19:18.500,3464,3465,207,77,3464,284
2026-09-18 09:19:19.000,3464,3466,99,181,3465,280
2026-09-18 09:19:19.500,3466,3467,210,81,3466,291
2026-09-18 09:19:20.000,3464,3466,151,103,3465,254
2026-09-18 09:19:20.500,3466,3467,207,5,3466,212
2026-09-18 09:19:21.000,3466,3468,240,42,3467,282
2026-09-18 09:19:21.500,3466,3467,167,50,3466,217
2026-09-18 09:19:22.000,3464,3466,232,137,3465,369
2026-09-18 09:19:22.500,3466,3467,254,54,3466,308
2026-09-18 09:19:23.000,3466,3467,206,83,3466,289
2026-09-18 09:19:23.500,3464,3466,199,101,3465,300
2026-09-18 09:19:24.000,3464,3465,145,120,3464,265
2026-09-18 09:19:24.500,3464,3466,156,24,3465,180
2026-09-18 09:19:25.000,3463,3465,215,77,3464,292
2026-09-18 09:19:25.500,3464,3465,174,100,3464,274
2026-09-18 09:19:26.000,3463,3465,230,16,3464,246
2026-09-18 09:19:26.500,3464,3465,142,61,3464,203
2026-09-18 09:19:27.000,3463,3465,221,123,3464,344
2026-09-18 09:19:27.500,3464,3465,176,36,3464,212
2026-09-18 09:19:28.000,3464,3466,201,109,3465,310
2026-09-18 09:19:28.500,3464,3465,212,104,3464,316
2026-09-18 09:19:29.000,3464,3466,127,93,3465,220
2026-09-18 09:19:29.500,3464,3466,132,137,3465,269
2026-09-18 09:19:30.000,3464,3466,190,116,3465,306
2026-09-18 09:19:30.500,3464,3466,152,76,3465,228
2026-09-18 09:19:31.000,3464,3466,228,51,3465,279
2026-09-18 09:19:31.500,3465,3467,200,147,3466,347
2026-09-18 09:19:32.000,3466,3467,311,129,3466,440
2026-09-18 09:19:32.500,3463,3465,187,60,3464,247
2026-09-18 09:19:33.000,3464,3466,94,50,3465,144
2026-09-18 09:19:33.500,3464,3465,237,147,3464,384
2026-09-18 09:19:34.000,3461,3463,161,92,3462,253
2026-09-18 09:19:34.500,3462,3464,205,21,3463,226
2026-09-18 09:19:35.000,3462,3463,107,80,3462,187
2026-09-18 09:19:35.500,3462,3463,191,138,3462,329
2026-09-18 09:19:36.000,3462,3463,173,114,3462,287
2026-09-18 09:19:36.500,3462,3463,89,75,3462,164
2026-09-18 09:19:37.000,3460,3462,186,22,3461,208
2026-09-18 09:19:37.500,3462,3463,256,77,3462,333
2026-09-18 09:19:38.000,3459,3461,126,77,3460,203
2026-09-18 09:19:38.500,3458,3460,197,82,3459,279
2026-09-18 09:19:39.000,3456,3458,175,17,3457,192
2026-09-18 09:19:39.500,3458,3459,207,55,3458,262
2026-09-18 09:19:40.000,3458,3459,193,115,3458,308
2026-09-18 09:19:40.500,3458,3460,154,81,3459,235
2026-09-18 09:19:41.000,3459,3461,210,132,3460,342
2026-09-18 09:19:41.500,3458,3460,225,45,3459,270
2026-09-18 09:19:42.000,3460,3462,195,13,3461,208
2026-09-18 09:19:42.500,3460,3462,158,46,3461,204
2026-09-18 09:19:43.000,3460,3462,177,147,3461,324
2026-09-18 09:19:43.500,3462,3463,184,33,3462,217
2026-09-18 09:19:44.000,3462,3463,173,100,3462,273
2026-09-18 09:19:44.500,3464,3466,216,54,3465,270
2026-09-18 09:19:45.000,3466,3467,189,110,3466,299
2026-09-18 09:19:45.500,3466,3468,175,47,3467,222
2026-09-18 09:19:46.000,3466,3467,177,72,3466,249
2026-09-18 09:19:46.500,3466,3468,104,73,3467,177
2026-09-18 09:19:47.000,3463,3465,188,74,3464,262
2026-09-18 09:19:47.500,3464,3466,194,34,3465,228
2026-09-18 09:19:48.000,3464,3465,181,105,3464,286
2026-09-18 09:19:48.500,3464,3465,158,132,3464,290
2026-09-18 09:19:49.000,3464,3466,125,67,3465,192
2026-09-18 09:19:49.500,3464,3466,185,103,3465,288
2026-09-18 09:19:50.000,3464,3465,174,40,3464,214
2026-09-18 09:19:50.500,3466,3467,172,140,3466,312
2026-09-18 09:19:51.000,3464,3466,71,56,3465,127
2026-09-18 09:19:51.500,3468,3469,186,87,3468,273
2026-09-18 09:19:52.000,3468,3470,255,106,3469,361
2026-09-18 09:19:52.500,3466,3468,198,39,3467,237
2026-09-18 09:19:53.000,3466,3467,101,2,3466,103
2026-09-18 09:19:53.500,3466,3467,179,39,3466,218
2026-09-18 09:19:54.000,3466,3467,195,107,3466,302
2026-09-18 09:19:54.500,3466,3468,182,33,3467,215
2026-09-18 09:19:55.000,3468,3470,99,102,3469,201
2026-09-18 09:19:55.500,3468,3469,154,73,3468,227
2026-09-18 09:19:56.000,3468,3469,159,54,3468,213
2026-09-18 09:19:56.500,3470,3471,215,5,3470,220
2026-09-18 09:19:57.000,3472,3473,197,94,3472,291
2026-09-18 09:19:57.500,3472,3473,151,19,3472,170
2026-09-18 09:19:58.000,3472,3474,217,155,3473,372
2026-09-18 09:19:58.500,3472,3474,150,6,3473,156
2026-09-18 09:19:59.000,3474,3476,216,48,3475,264
2026-09-18 09:19:59.500,3474,3475,163,101,3474,264
